Code,Name,mainboard-intel,mainboard-amd,asrock,asus,gigabyte,intel,msi,supermicro,duoi-2trieu,2trieu-3trieu,3trieu-5trieu,5trieu-7trieu,7trieu-9trieu,9trieu-12trieu,12trieu-15trieu,tren-15trieu,intel-lga-1151,intel-lga-1151-v2,intel-lga-1200,intel-dual-lga-2011,intel-dual-lga-2011-v3,intel-lga-2066,intel-lga-3647,intel-dual-lga-3647,amd-am4-1-1,amd-tr4-1,amd-trx4,amd-strx4,mini-itx-1-1,u-atx,m-atx-1,atx-1-1,e-atx-1-1,eeb,ssi-eeb,ceb-1,intel-h110-lga-1151,intel-h310-lga-1151-v2,intel-h410-lga-1200,intel-b360-lga-1151-v2,intel-b365-lga-1151-v2,intel-b460-lga-1200,intel-z370-lga-1151-v2,intel-z390-lga-1151-v2,intel-z490-lga-1200,intel-c246-lga-1151-v2,intel-c232-lga-1151,intel-c242-lga-1151,intel-x99-lga-2011-v3,intel-x299-lga-2066,intel-c422-lga-2066,intel-c602-dual-lga-2011,intel-c612-dual-lga-2011-v3,intel-c621-dual-lga-3647,intel-c622-lga-3647,amd-a320-am4,amd-b350-am4,amd-b450-am4,amd-b550-am4,amd-x370-am4,amd-x570-am4,amd-x399-tr4,amd-trx40-trx4,2-khe-1,4-khe-1,8-khe-1,12-khe-1,16-khe-1
MBAS558 ,"Mainboard ASUS ROG MAXIMUS XII FORMULA (Intel Z490, Socket 1200, ATX, 4 khe RAM DDR4)",Yes,No,No,Yes,No,No,No,No,Yes,No,No,No,No,No,No,No,No,No,Yes,No,No,No,No,No,No,No,No,No,No,No,No,Yes,No,No,No,No,No,No,No,No,No,No,No,No,Yes,No,No,No,No,No,No,No,No,No,No,No,No,No,No,No,No,No,No,No,Yes,No,No,No
MBAS588,"Mainboard ASUS PRIME H410M-A (Intel H410, Socket 1200, m-ATX, 2 khe Ram DDR4)",Yes,No,No,Yes,No,No,No,No,Yes,No,No,No,No,No,No,No,No,No,Yes,No,No,No,No,No,No,No,No,No,No,No,Yes,No,No,No,No,No,No,No,Yes,No,No,No,No,No,No,No,No,No,No,No,No,No,No,No,No,No,No,No,No,No,No,No,No,Yes,No,No,No,No
MBAS579,"Mainboard ASUS ROG STRIX B460-H GAMING (Intel B460, Socket 1200, ATX, 4 khe Ram DDR4)",Yes,No,No,Yes,No,No,No,No,No,No,Yes,No,No,No,No,No,No,No,Yes,No,No,No,No,No,No,No,No,No,No,No,Yes,No,No,No,No,No,No,No,No,No,No,Yes,No,No,No,No,No,No,No,No,No,No,No,No,No,No,No,No,No,No,No,No,No,No,Yes,No,No,No
MBAS581,"Mainboard ASUS TUF GAMING B460-PRO (WIFI) (Intel B460, Socket 1200, ATX, 4 khe Ram DDR4)",Yes,No,No,Yes,No,No,No,No,Yes,No,No,No,No,No,No,No,No,No,Yes,No,No,No,No,No,No,No,No,No,No,No,No,Yes,No,No,No,No,No,No,No,No,No,Yes,No,No,No,No,No,No,No,No,No,No,No,No,No,No,No,No,No,No,No,No,No,No,Yes,No,No,No
MBAS535,"Mainboard ASUS ROG STRIX X570-E GAMING (AMD X570, Socket AM4, ATX, 4 khe RAM DDR4)",No,Yes,No,Yes,No,No,No,No,No,No,No,No,No,Yes,No,No,No,No,No,No,No,No,No,No,Yes,No,No,No,No,No,No,Yes,No,No,No,No,No,No,No,No,No,No,No,No,No,No,No,No,No,No,No,No,No,No,No,No,No,No,No,No,Yes,No,No,No,Yes,No,No,No
MBAS534,"Mainboard ASUS ROG X570 CROSSHAIR VIII HERO (AMD X570, Socket AM4, ATX, 4 khe RAM DDR4)",No,Yes,No,Yes,No,No,No,No,No,No,No,No,No,Yes,No,No,No,No,No,No,No,No,No,No,Yes,No,No,No,No,No,No,Yes,No,No,No,No,No,No,No,No,No,No,No,No,No,No,No,No,No,No,No,No,No,No,No,No,No,No,No,No,Yes,No,No,No,Yes,No,No,No
MBAS533,"Mainboard ASUS ROG X570 CROSSHAIR VIII HERO Wifi (AMD X570, Socket AM4, ATX, 4 khe RAM DDR4)",No,Yes,No,Yes,No,No,No,No,No,No,No,No,No,Yes,No,No,No,No,No,No,No,No,No,No,Yes,No,No,No,No,No,No,Yes,No,No,No,No,No,No,No,No,No,No,No,No,No,No,No,No,No,No,No,No,No,No,No,No,No,No,No,No,Yes,No,No,No,Yes,No,No,No
MBAS532,"Mainboard ASUS ROG X570 CROSSHAIR VIII FORMULA (AMD X570, Socket AM4, ATX, 4 khe RAM DDR4)",No,Yes,No,Yes,No,No,No,No,No,No,No,No,No,No,No,Yes,No,No,No,No,No,No,No,No,Yes,No,No,No,No,No,No,Yes,No,No,No,No,No,No,No,No,No,No,No,No,No,No,No,No,No,No,No,No,No,No,No,No,No,No,No,No,Yes,No,No,No,Yes,No,No,No
MBAS596,"Mainboard ASUS TUF GAMING B550-PLUS (AMD B550, Socket AM4, ATX, 4 khe RAM DRR4)",No,Yes,No,Yes,No,No,No,No,No,No,Yes,No,No,No,No,No,No,No,No,No,No,No,No,No,Yes,No,No,No,No,No,Yes,No,No,No,No,No,No,No,No,No,No,No,No,No,No,No,No,No,No,No,No,No,No,No,No,No,No,No,Yes,No,No,No,No,No,Yes,No,No,No
MBAS597,"Mainboard ASUS TUF GAMING B550M-PLUS (AMD B550, Socket AM4, m-ATX, 4 khe RAM DRR4)",No,Yes,No,Yes,No,No,No,No,No,No,Yes,No,No,No,No,No,No,No,No,No,No,No,No,No,Yes,No,No,No,No,No,Yes,No,No,No,No,No,No,No,No,No,No,No,No,No,No,No,No,No,No,No,No,No,No,No,No,No,No,No,Yes,No,No,No,No,No,Yes,No,No,No
MBAS598,"Mainboard ASUS TUF GAMING B550M-PLUS (WI-FI) (AMD B550, Socket AM4, m-ATX, 4 khe RAM DRR4)",No,Yes,No,Yes,No,No,No,No,No,No,Yes,No,No,No,No,No,No,No,No,No,No,No,No,No,Yes,No,No,No,No,No,Yes,No,No,No,No,No,No,No,No,No,No,No,No,No,No,No,No,No,No,No,No,No,No,No,No,No,No,No,Yes,No,No,No,No,No,Yes,No,No,No
MBAS554,"Mainboard ASUS ROG STRIX B360-I GAMING (Intel B360 , Socket 1151, Mini ATX, 2 khe RAM DDR4)",Yes,No,No,Yes,No,No,No,No,No,No,Yes,No,No,No,No,No,No,Yes,No,No,No,No,No,No,No,No,No,No,Yes,No,No,No,No,No,No,No,No,No,No,Yes,No,No,No,No,No,No,No,No,No,No,No,No,No,No,No,No,No,No,No,No,No,No,No,Yes,No,No,No,No
MBAS525,"Mainboard ASUS ROG STRIX B365-F GAMING (Intel B365, Socket 1151, ATX, 4 khe RAM DDR4)",Yes,No,No,Yes,No,No,No,No,No,No,Yes,No,No,No,No,No,No,Yes,No,No,No,No,No,No,No,No,No,No,No,No,No,Yes,No,No,No,No,No,No,No,No,Yes,No,No,No,No,No,No,No,No,No,No,No,No,No,No,No,No,No,No,No,No,No,No,No,Yes,No,No,No
MBAS522,"Mainboard ASUS ROG MAXIMUS XI APEX (Intel Z390,Socket 1151, ATX, 2 khe RAM DDR4)",Yes,No,No,Yes,No,No,No,No,No,No,No,No,No,Yes,No,No,No,Yes,No,No,No,No,No,No,No,No,No,No,No,No,No,Yes,No,No,No,No,No,No,No,No,No,No,No,Yes,No,No,No,No,No,No,No,No,No,No,No,No,No,No,No,No,No,No,No,No,Yes,No,No,No
MBAS548,"Mainboad ASUS ROG STRIX X299 - E GAMING II (Intel X299, Socket 2066, ATX,8 khe RAM DDR4)",Yes,No,No,Yes,No,No,No,No,No,No,No,No,No,Yes,No,No,No,No,No,No,No,Yes,No,No,No,No,No,No,No,No,No,Yes,No,No,No,No,No,No,No,No,No,No,No,No,No,No,No,No,No,Yes,No,No,No,No,No,No,No,No,No,No,No,No,No,No,No,Yes,No,No
MBAS529,"Mainboard ASUS EX-B365M-V5 (Intel B365, Socket 1151, m-ATX, 2 khe RAM DDR4)",Yes,No,No,Yes,No,No,No,No,Yes,No,No,No,No,No,No,No,No,Yes,No,No,No,No,No,No,No,No,No,No,No,No,Yes,No,No,No,No,No,No,No,No,No,Yes,No,No,No,No,No,No,No,No,No,No,No,No,No,No,No,No,No,No,No,No,No,No,Yes,No,No,No,No
MBAS495,"Mainboard ASUS PRIME B450M-A (AMD B450, Socket AM4, m-ATX, 4 khe RAM DDR4)",No,Yes,No,Yes,No,No,No,No,Yes,No,No,No,No,No,No,No,No,No,No,No,No,No,No,No,Yes,No,No,No,No,No,Yes,No,No,No,No,No,No,No,No,No,No,No,No,No,No,No,No,No,No,No,No,No,No,No,No,No,No,Yes,No,No,No,No,No,No,Yes,No,No,No
MBAS536,"Mainboard ASUS ROG STRIX Z390-E GAMING (Intel Z390, Socket 1151, ATX, 4 khe RAM DDR4)",Yes,No,No,Yes,No,No,No,No,No,No,No,Yes,No,No,No,No,No,Yes,No,No,No,No,No,No,No,No,No,No,No,No,No,Yes,No,No,No,No,No,No,No,No,No,No,No,Yes,No,No,No,No,No,No,No,No,No,No,No,No,No,No,No,No,No,No,No,No,Yes,No,No,No
MBAS505,"Mainboard ROG MAXIMUS XI HERO (Intel Z390, Socket 1151, ATX, 4 khe RAM DDR4)",Yes,No,No,Yes,No,No,No,No,No,No,No,Yes,No,No,No,No,No,Yes,No,No,No,No,No,No,No,No,No,No,No,No,No,Yes,No,No,No,No,No,No,No,No,No,No,No,Yes,No,No,No,No,No,No,No,No,No,No,No,No,No,No,No,No,No,No,No,No,Yes,No,No,No
MBAS539,"Mainboard ASUS ROG Z390 MAXIMUS XI HERO (WI-FI) (Intel Z390, Socket 1151, ATX, 4 khe RAM DDR4)",Yes,No,No,Yes,No,No,No,No,No,No,No,No,Yes,No,No,No,No,Yes,No,No,No,No,No,No,No,No,No,No,No,No,No,Yes,No,No,No,No,No,No,No,No,No,No,No,Yes,No,No,No,No,No,No,No,No,No,No,No,No,No,No,No,No,No,No,No,No,Yes,No,No,No
MBAS573,"Mainboard ASUS ProArt Z490-CREATOR 10G (Intel Z490, Socket 1200, ATX, 4 khe RAM DDR4)",Yes,No,No,Yes,No,No,No,No,No,No,No,No,Yes,No,No,No,No,No,Yes,No,No,No,No,No,No,No,No,No,No,No,No,Yes,No,No,No,No,No,No,No,No,No,No,No,No,Yes,No,No,No,No,No,No,No,No,No,No,No,No,No,No,No,No,No,No,No,Yes,No,No,No
MBAS542,Mainboard Asus Pro WS X570-ACE,No,Yes,No,Yes,No,No,No,No,No,No,No,No,Yes,No,No,No,No,No,No,No,No,No,No,No,Yes,No,No,No,No,No,No,Yes,No,No,No,No,No,No,No,No,No,No,No,No,No,No,No,No,No,No,No,No,No,No,No,No,No,No,No,No,Yes,No,No,No,Yes,No,No,No
MBAS541,"Mainboard ASUS TUF GAMING X570 PLUS (Wi-Fi) (AMD X570, Socket AM4, ATX, 4 khe RAM DDR4)",No,Yes,No,Yes,No,No,No,No,No,No,No,Yes,No,No,No,No,No,No,No,No,No,No,No,No,Yes,No,No,No,No,No,No,Yes,No,No,No,No,No,No,No,No,No,No,No,No,No,No,No,No,No,No,No,No,No,No,No,No,No,No,No,No,Yes,No,No,No,Yes,No,No,No
MBAS599,"Mainboard ASUS PRIME B550-PLUS (AMD B550, Socket AM4, ATX, 4 khe RAM DRR4)",No,Yes,No,Yes,No,No,No,No,No,No,Yes,No,No,No,No,No,No,No,No,No,No,No,No,No,Yes,No,No,No,No,No,No,Yes,No,No,No,No,No,No,No,No,No,No,No,No,No,No,No,No,No,No,No,No,No,No,No,No,No,No,Yes,No,No,No,No,No,Yes,No,No,No
MBAS601,"Mainboard ASUS PRIME B550M-A (WI-FI) (AMD B550, Socket AM4,m- ATX, 4 khe RAM DRR4)",No,Yes,No,Yes,No,No,No,No,No,No,Yes,No,No,No,No,No,No,No,No,No,No,No,No,No,Yes,No,No,No,No,No,Yes,No,No,No,No,No,No,No,No,No,No,No,No,No,No,No,No,No,No,No,No,No,No,No,No,No,No,No,Yes,No,No,No,No,No,Yes,No,No,No
MBAS602,"Mainboard ASUS PRIME B550M-K (AMD B550, Socket AM4,m- ATX, 4 khe RAM DRR4)",No,Yes,No,Yes,No,No,No,No,No,No,Yes,No,No,No,No,No,No,No,No,No,No,No,No,No,Yes,No,No,No,No,No,Yes,No,No,No,No,No,No,No,No,No,No,No,No,No,No,No,No,No,No,No,No,No,No,No,No,No,No,No,Yes,No,No,No,No,No,Yes,No,No,No
MBAS530,"Mainboard ASUS PRIME X570-P/CSM (AMD X570, Socket AM4, ATX, 4 khe RAM DDR4)",No,Yes,No,Yes,No,No,No,No,No,No,Yes,No,No,No,No,No,No,No,No,No,No,No,No,No,Yes,No,No,No,No,No,No,Yes,No,No,No,No,No,No,No,No,No,No,No,No,No,No,No,No,No,No,No,No,No,No,No,No,No,No,No,No,Yes,No,No,No,Yes,No,No,No
MBGI573,"Mainboard Gigabyte H410M-DS2V (Intel H410, Socket 1200, m-ATX, 2 khe Ram DDR4)",Yes,No,No,No,Yes,No,No,No,Yes,No,No,No,No,No,No,No,No,No,No,No,No,No,No,No,No,No,No,No,No,No,No,No,No,No,No,No,No,No,No,No,No,No,No,No,No,No,No,No,No,No,No,No,No,No,No,No,No,No,No,No,No,No,No,No,No,No,No,No
MBAS549,"Mainboad ASUS ROG RAMPAGE VI EXTREME ENCONRE (Intel X299, Socket 2066, E-ATX, 8 khe RAM DDR4)",Yes,No,No,Yes,No,No,No,No,No,No,No,No,No,No,No,Yes,No,No,No,No,No,Yes,No,No,No,No,No,No,No,No,No,No,Yes,No,No,No,No,No,No,No,No,No,No,No,No,No,No,No,No,Yes,No,No,No,No,No,No,No,No,No,No,No,No,No,No,No,Yes,No,No
MBAS492,"Mainboard ASUS ROG STRIX B450-F GAMING (AMD B450, Socket AM4, ATX, 4 khe RAM DDR4)",No,Yes,No,Yes,No,No,No,No,No,Yes,No,No,No,No,No,No,No,No,No,No,No,No,No,No,Yes,No,No,No,No,No,No,Yes,No,No,No,No,No,No,No,No,No,No,No,No,No,No,No,No,No,No,No,No,No,No,No,No,No,Yes,No,No,No,No,No,No,Yes,No,No,No
MBAR240,"Mainboard ASROCK B365M-HDV (Intel B365, Socket 1151, m-ATX, 2 khe RAM DDR4)",Yes,No,Yes,No,No,No,No,No,Yes,No,No,No,No,No,No,No,No,Yes,No,No,No,No,No,No,No,No,No,No,No,No,Yes,No,No,No,No,No,No,No,No,No,Yes,No,No,No,No,No,No,No,No,No,No,No,No,No,No,No,No,No,No,No,No,No,No,No,Yes,No,No,No
MBAS484,Mainboard Asus Z11PA-D8 (Dual CPU Server & Workstation),Yes,No,No,Yes,No,No,No,No,No,No,No,No,No,No,No,Yes,No,No,No,No,No,No,No,Yes,No,No,No,No,No,No,No,No,No,No,No,Yes,No,No,No,No,No,No,No,No,No,No,No,No,No,No,No,No,No,Yes,No,No,No,No,No,No,No,No,No,No,No,Yes,No,No
MBGI512,"Mainboard GIGABYTE Z390 Aorus Pro (Wifi) (Intel Z390, Socket 1151, ATX, 4 khe RAM DDR4)",Yes,No,No,No,Yes,No,No,No,No,No,No,Yes,No,No,No,No,No,Yes,No,No,No,No,No,No,No,No,No,No,No,No,No,Yes,No,No,No,No,No,No,No,No,No,No,No,Yes,No,No,No,No,No,No,No,No,No,No,No,No,No,No,No,No,No,No,No,No,Yes,No,No,No
MBAS513,"Mainboard ASUS ROG Z390 MAXIMUS XI EXTREME (Intel Z390,Socket 1151, ATX, 4 khe RAM DDR4)",Yes,No,No,Yes,No,No,No,No,No,No,No,No,No,No,Yes,No,No,Yes,No,No,No,No,No,No,No,No,No,No,No,No,No,Yes,No,No,No,No,No,No,No,No,No,No,No,Yes,No,No,No,No,No,No,No,No,No,No,No,No,No,No,No,No,No,No,No,No,Yes,No,No,No
MBGI545,"Mainboard GIGABYTE TRX40 AORUS MASTER (AMD TRX40, Socket  sTRX4, E-ATX, 8 khe RAM DDR4) ",No,Yes,No,No,Yes,No,No,No,No,No,No,No,No,No,Yes,No,No,No,No,No,No,No,No,No,No,No,No,Yes,No,No,No,No,Yes,No,No,No,No,No,No,No,No,No,No,No,No,No,No,No,No,No,No,No,No,No,No,No,No,No,No,No,No,No,Yes,No,No,Yes,No,No
MBGI565,"Mainboard Gigabyte B460M D2V (Intel B460, Socket 1200, m-ATX, 2 khe RAM DDR4)",Yes,No,No,No,Yes,No,No,No,Yes,No,No,No,No,No,No,No,No,No,Yes,No,No,No,No,No,No,No,No,No,No,No,Yes,No,No,No,No,No,No,No,No,No,No,Yes,No,No,No,No,No,No,No,No,No,No,No,No,No,No,No,No,No,No,No,No,No,Yes,No,No,No,No
MBAS368,Mainboard ASUS Z10PE-D8 WS (DUAL CPU WORKSTATION),Yes,No,No,Yes,No,No,No,No,No,No,No,No,No,No,Yes,No,No,No,No,No,Yes,No,No,No,No,No,No,No,No,No,No,No,No,Yes,No,No,No,No,No,No,No,No,No,No,No,No,No,No,No,No,No,No,Yes,No,No,No,No,No,No,No,No,No,No,No,No,Yes,No,No
MBMS356,"Mainboard MSI B365M Mortar (Intel B365, Socket 1151, m-ATX, 4 khe RAM DDR4)",Yes,No,No,No,No,No,Yes,No,No,Yes,No,No,No,No,No,No,No,Yes,No,No,No,No,No,No,No,No,No,No,No,No,Yes,No,No,No,No,No,No,No,No,No,Yes,No,No,No,No,No,No,No,No,No,No,No,No,No,No,No,No,No,No,No,No,No,No,No,Yes,No,No,No
MBGI566,"Mainboard Gigabyte B460M DS3H (Intel B460, Socket 1200, m-ATX, 4 khe RAM DDR4)",Yes,No,No,No,Yes,No,No,No,No,Yes,No,No,No,No,No,No,No,No,Yes,No,No,No,No,No,No,No,No,No,No,No,Yes,No,No,No,No,No,No,No,No,No,No,Yes,No,No,No,No,No,No,No,No,No,No,No,No,No,No,No,No,No,No,No,No,No,No,Yes,No,No,No
MBAS502,"Mainboard ASUS ROG Z390 MAXIMUS XI FORMULA (Intel Z390 ,Socket 1151,ATX,4 khe RAM DDR4)",Yes,No,No,Yes,No,No,No,No,No,No,No,No,No,Yes,No,No,No,Yes,No,No,No,No,No,No,No,No,No,No,No,No,No,Yes,No,No,No,No,No,No,No,No,No,No,No,Yes,No,No,No,No,No,No,No,No,No,No,No,No,No,No,No,No,No,No,No,No,Yes,No,No,No
MBAS558 ,"Mainboard ASUS ROG MAXIMUS XII FORMULA (Intel Z490, Socket 1200, ATX, 4 khe RAM DDR4)",Yes,No,No,Yes,No,No,No,No,Yes,No,No,No,No,No,No,No,No,No,Yes,No,No,No,No,No,No,No,No,No,No,No,No,Yes,No,No,No,No,No,No,No,No,No,No,No,No,Yes,No,No,No,No,No,No,No,No,No,No,No,No,No,No,No,No,No,No,No,Yes,No,No,No
MBAS588,"Mainboard ASUS PRIME H410M-A (Intel H410, Socket 1200, m-ATX, 2 khe Ram DDR4)",Yes,No,No,Yes,No,No,No,No,Yes,No,No,No,No,No,No,No,No,No,Yes,No,No,No,No,No,No,No,No,No,No,No,Yes,No,No,No,No,No,No,No,Yes,No,No,No,No,No,No,No,No,No,No,No,No,No,No,No,No,No,No,No,No,No,No,No,No,Yes,No,No,No,No
MBAS581,"Mainboard ASUS TUF GAMING B460-PRO (WIFI) (Intel B460, Socket 1200, ATX, 4 khe Ram DDR4)",Yes,No,No,Yes,No,No,No,No,Yes,No,No,No,No,No,No,No,No,No,Yes,No,No,No,No,No,No,No,No,No,No,No,No,Yes,No,No,No,No,No,No,No,No,No,Yes,No,No,No,No,No,No,No,No,No,No,No,No,No,No,No,No,No,No,No,No,No,No,Yes,No,No,No
MBAS579,"Mainboard ASUS ROG STRIX B460-H GAMING (Intel B460, Socket 1200, ATX, 4 khe Ram DDR4)",Yes,No,No,Yes,No,No,No,No,No,No,Yes,No,No,No,No,No,No,No,Yes,No,No,No,No,No,No,No,No,No,No,No,Yes,No,No,No,No,No,No,No,No,No,No,Yes,No,No,No,No,No,No,No,No,No,No,No,No,No,No,No,No,No,No,No,No,No,No,Yes,No,No,No
MBAS535,"Mainboard ASUS ROG STRIX X570-E GAMING (AMD X570, Socket AM4, ATX, 4 khe RAM DDR4)",No,Yes,No,Yes,No,No,No,No,No,No,No,No,No,Yes,No,No,No,No,No,No,No,No,No,No,Yes,No,No,No,No,No,No,Yes,No,No,No,No,No,No,No,No,No,No,No,No,No,No,No,No,No,No,No,No,No,No,No,No,No,No,No,No,Yes,No,No,No,Yes,No,No,No
MBAS534,"Mainboard ASUS ROG X570 CROSSHAIR VIII HERO (AMD X570, Socket AM4, ATX, 4 khe RAM DDR4)",No,Yes,No,Yes,No,No,No,No,No,No,No,No,No,Yes,No,No,No,No,No,No,No,No,No,No,Yes,No,No,No,No,No,No,Yes,No,No,No,No,No,No,No,No,No,No,No,No,No,No,No,No,No,No,No,No,No,No,No,No,No,No,No,No,Yes,No,No,No,Yes,No,No,No
MBAS533,"Mainboard ASUS ROG X570 CROSSHAIR VIII HERO Wifi (AMD X570, Socket AM4, ATX, 4 khe RAM DDR4)",No,Yes,No,Yes,No,No,No,No,No,No,No,No,No,Yes,No,No,No,No,No,No,No,No,No,No,Yes,No,No,No,No,No,No,Yes,No,No,No,No,No,No,No,No,No,No,No,No,No,No,No,No,No,No,No,No,No,No,No,No,No,No,No,No,Yes,No,No,No,Yes,No,No,No
MBAS532,"Mainboard ASUS ROG X570 CROSSHAIR VIII FORMULA (AMD X570, Socket AM4, ATX, 4 khe RAM DDR4)",No,Yes,No,Yes,No,No,No,No,No,No,No,No,No,No,No,Yes,No,No,No,No,No,No,No,No,Yes,No,No,No,No,No,No,Yes,No,No,No,No,No,No,No,No,No,No,No,No,No,No,No,No,No,No,No,No,No,No,No,No,No,No,No,No,Yes,No,No,No,Yes,No,No,No
MBAS596,"Mainboard ASUS TUF GAMING B550-PLUS (AMD B550, Socket AM4, ATX, 4 khe RAM DRR4)",No,Yes,No,Yes,No,No,No,No,No,No,Yes,No,No,No,No,No,No,No,No,No,No,No,No,No,Yes,No,No,No,No,No,Yes,No,No,No,No,No,No,No,No,No,No,No,No,No,No,No,No,No,No,No,No,No,No,No,No,No,No,No,Yes,No,No,No,No,No,Yes,No,No,No
MBAS597,"Mainboard ASUS TUF GAMING B550M-PLUS (AMD B550, Socket AM4, m-ATX, 4 khe RAM DRR4)",No,Yes,No,Yes,No,No,No,No,No,No,Yes,No,No,No,No,No,No,No,No,No,No,No,No,No,Yes,No,No,No,No,No,Yes,No,No,No,No,No,No,No,No,No,No,No,No,No,No,No,No,No,No,No,No,No,No,No,No,No,No,No,Yes,No,No,No,No,No,Yes,No,No,No
MBAS598,"Mainboard ASUS TUF GAMING B550M-PLUS (WI-FI) (AMD B550, Socket AM4, m-ATX, 4 khe RAM DRR4)",No,Yes,No,Yes,No,No,No,No,No,No,Yes,No,No,No,No,No,No,No,No,No,No,No,No,No,Yes,No,No,No,No,No,Yes,No,No,No,No,No,No,No,No,No,No,No,No,No,No,No,No,No,No,No,No,No,No,No,No,No,No,No,Yes,No,No,No,No,No,Yes,No,No,No
MBAS573,"Mainboard ASUS ProArt Z490-CREATOR 10G (Intel Z490, Socket 1200, ATX, 4 khe RAM DDR4)",Yes,No,No,Yes,No,No,No,No,No,No,No,No,Yes,No,No,No,No,No,Yes,No,No,No,No,No,No,No,No,No,No,No,No,Yes,No,No,No,No,No,No,No,No,No,No,No,No,Yes,No,No,No,No,No,No,No,No,No,No,No,No,No,No,No,No,No,No,No,Yes,No,No,No
MBAS554,"Mainboard ASUS ROG STRIX B360-I GAMING (Intel B360 , Socket 1151, Mini ATX, 2 khe RAM DDR4)",Yes,No,No,Yes,No,No,No,No,No,No,Yes,No,No,No,No,No,No,Yes,No,No,No,No,No,No,No,No,No,No,Yes,No,No,No,No,No,No,No,No,No,No,Yes,No,No,No,No,No,No,No,No,No,No,No,No,No,No,No,No,No,No,No,No,No,No,No,Yes,No,No,No,No
MBAS525,"Mainboard ASUS ROG STRIX B365-F GAMING (Intel B365, Socket 1151, ATX, 4 khe RAM DDR4)",Yes,No,No,Yes,No,No,No,No,No,No,Yes,No,No,No,No,No,No,Yes,No,No,No,No,No,No,No,No,No,No,No,No,No,Yes,No,No,No,No,No,No,No,No,Yes,No,No,No,No,No,No,No,No,No,No,No,No,No,No,No,No,No,No,No,No,No,No,No,Yes,No,No,No
MBAS522,"Mainboard ASUS ROG MAXIMUS XI APEX (Intel Z390,Socket 1151, ATX, 2 khe RAM DDR4)",Yes,No,No,Yes,No,No,No,No,No,No,No,No,No,Yes,No,No,No,Yes,No,No,No,No,No,No,No,No,No,No,No,No,No,Yes,No,No,No,No,No,No,No,No,No,No,No,Yes,No,No,No,No,No,No,No,No,No,No,No,No,No,No,No,No,No,No,No,No,Yes,No,No,No
MBAS548,"Mainboad ASUS ROG STRIX X299 - E GAMING II (Intel X299, Socket 2066, ATX,8 khe RAM DDR4)",Yes,No,No,Yes,No,No,No,No,No,No,No,No,No,Yes,No,No,No,No,No,No,No,Yes,No,No,No,No,No,No,No,No,No,Yes,No,No,No,No,No,No,No,No,No,No,No,No,No,No,No,No,No,Yes,No,No,No,No,No,No,No,No,No,No,No,No,No,No,No,Yes,No,No
MBAS529,"Mainboard ASUS EX-B365M-V5 (Intel B365, Socket 1151, m-ATX, 2 khe RAM DDR4)",Yes,No,No,Yes,No,No,No,No,Yes,No,No,No,No,No,No,No,No,Yes,No,No,No,No,No,No,No,No,No,No,No,No,Yes,No,No,No,No,No,No,No,No,No,Yes,No,No,No,No,No,No,No,No,No,No,No,No,No,No,No,No,No,No,No,No,No,No,Yes,No,No,No,No
MBAS495,"Mainboard ASUS PRIME B450M-A (AMD B450, Socket AM4, m-ATX, 4 khe RAM DDR4)",No,Yes,No,Yes,No,No,No,No,Yes,No,No,No,No,No,No,No,No,No,No,No,No,No,No,No,Yes,No,No,No,No,No,Yes,No,No,No,No,No,No,No,No,No,No,No,No,No,No,No,No,No,No,No,No,No,No,No,No,No,No,Yes,No,No,No,No,No,No,Yes,No,No,No
MBAS536,"Mainboard ASUS ROG STRIX Z390-E GAMING (Intel Z390, Socket 1151, ATX, 4 khe RAM DDR4)",Yes,No,No,Yes,No,No,No,No,No,No,No,Yes,No,No,No,No,No,Yes,No,No,No,No,No,No,No,No,No,No,No,No,No,Yes,No,No,No,No,No,No,No,No,No,No,No,Yes,No,No,No,No,No,No,No,No,No,No,No,No,No,No,No,No,No,No,No,No,Yes,No,No,No
MBAS505,"Mainboard ROG MAXIMUS XI HERO (Intel Z390, Socket 1151, ATX, 4 khe RAM DDR4)",Yes,No,No,Yes,No,No,No,No,No,No,No,Yes,No,No,No,No,No,Yes,No,No,No,No,No,No,No,No,No,No,No,No,No,Yes,No,No,No,No,No,No,No,No,No,No,No,Yes,No,No,No,No,No,No,No,No,No,No,No,No,No,No,No,No,No,No,No,No,Yes,No,No,No
MBAS539,"Mainboard ASUS ROG Z390 MAXIMUS XI HERO (WI-FI) (Intel Z390, Socket 1151, ATX, 4 khe RAM DDR4)",Yes,No,No,Yes,No,No,No,No,No,No,No,No,Yes,No,No,No,No,Yes,No,No,No,No,No,No,No,No,No,No,No,No,No,Yes,No,No,No,No,No,No,No,No,No,No,No,Yes,No,No,No,No,No,No,No,No,No,No,No,No,No,No,No,No,No,No,No,No,Yes,No,No,No
MBAS601,"Mainboard ASUS PRIME B550M-A (WI-FI) (AMD B550, Socket AM4,m- ATX, 4 khe RAM DRR4)",No,Yes,No,Yes,No,No,No,No,No,No,Yes,No,No,No,No,No,No,No,No,No,No,No,No,No,Yes,No,No,No,No,No,Yes,No,No,No,No,No,No,No,No,No,No,No,No,No,No,No,No,No,No,No,No,No,No,No,No,No,No,No,Yes,No,No,No,No,No,Yes,No,No,No
MBAS602,"Mainboard ASUS PRIME B550M-K (AMD B550, Socket AM4,m- ATX, 4 khe RAM DRR4)",No,Yes,No,Yes,No,No,No,No,No,No,Yes,No,No,No,No,No,No,No,No,No,No,No,No,No,Yes,No,No,No,No,No,Yes,No,No,No,No,No,No,No,No,No,No,No,No,No,No,No,No,No,No,No,No,No,No,No,No,No,No,No,Yes,No,No,No,No,No,Yes,No,No,No
MBAS530,"Mainboard ASUS PRIME X570-P/CSM (AMD X570, Socket AM4, ATX, 4 khe RAM DDR4)",No,Yes,No,Yes,No,No,No,No,No,No,Yes,No,No,No,No,No,No,No,No,No,No,No,No,No,Yes,No,No,No,No,No,No,Yes,No,No,No,No,No,No,No,No,No,No,No,No,No,No,No,No,No,No,No,No,No,No,No,No,No,No,No,No,Yes,No,No,No,Yes,No,No,No
MBAS542,Mainboard Asus Pro WS X570-ACE,No,Yes,No,Yes,No,No,No,No,No,No,No,No,Yes,No,No,No,No,No,No,No,No,No,No,No,Yes,No,No,No,No,No,No,Yes,No,No,No,No,No,No,No,No,No,No,No,No,No,No,No,No,No,No,No,No,No,No,No,No,No,No,No,No,Yes,No,No,No,Yes,No,No,No
MBAS541,"Mainboard ASUS TUF GAMING X570 PLUS (Wi-Fi) (AMD X570, Socket AM4, ATX, 4 khe RAM DDR4)",No,Yes,No,Yes,No,No,No,No,No,No,No,Yes,No,No,No,No,No,No,No,No,No,No,No,No,Yes,No,No,No,No,No,No,Yes,No,No,No,No,No,No,No,No,No,No,No,No,No,No,No,No,No,No,No,No,No,No,No,No,No,No,No,No,Yes,No,No,No,Yes,No,No,No
MBAS599,"Mainboard ASUS PRIME B550-PLUS (AMD B550, Socket AM4, ATX, 4 khe RAM DRR4)",No,Yes,No,Yes,No,No,No,No,No,No,Yes,No,No,No,No,No,No,No,No,No,No,No,No,No,Yes,No,No,No,No,No,No,Yes,No,No,No,No,No,No,No,No,No,No,No,No,No,No,No,No,No,No,No,No,No,No,No,No,No,No,Yes,No,No,No,No,No,Yes,No,No,No
MBGI516,"Mainboard GIGABYTE A320M-S2H (AMD A320, Socket AM4, m-ATX, 2 khe RAM DDR4) ",No,Yes,No,No,Yes,No,No,No,Yes,No,No,No,No,No,No,No,No,No,No,No,No,No,No,No,Yes,No,No,No,No,No,Yes,No,No,No,No,No,No,No,No,No,No,No,No,No,No,No,No,No,No,No,No,No,No,No,No,Yes,No,No,No,No,No,No,No,Yes,No,No,No,No
MBAS471,"Mainboard ASUS ROG STRIX B360-F GAMING (Intel B360, Socket 1151, ATX, 4 khe RAM DDR4)",Yes,No,No,Yes,No,No,No,No,No,Yes,No,No,No,No,No,No,No,Yes,No,No,No,No,No,No,No,No,No,No,No,No,No,Yes,No,No,No,No,No,No,No,Yes,No,No,No,No,No,No,No,No,No,No,No,No,No,No,No,No,No,No,No,No,No,No,No,No,Yes,No,No,No
MBMS328,"Mainboard MSI H310M PRO - VL (Intel H310, Socket 1151, m-ATX, 2 khe RAM DDR4)",Yes,No,No,No,No,No,Yes,No,Yes,No,No,No,No,No,No,No,No,Yes,No,No,No,No,No,No,No,No,No,No,No,No,Yes,No,No,No,No,No,No,Yes,No,No,No,No,No,No,No,No,No,No,No,No,No,No,No,No,No,No,No,No,No,No,No,No,No,Yes,No,No,No,No
MBMS363,"Mainboard MSI B450M PRO VDH MAX (AMD B450, Socket AM4, m-ATX, 4 khe RAM DDR4) ",No,Yes,No,No,No,No,Yes,No,Yes,No,No,No,No,No,No,No,No,No,No,No,No,No,No,No,Yes,No,No,No,No,No,Yes,No,No,No,No,No,No,No,No,No,No,No,No,No,No,No,No,No,No,No,No,No,No,No,No,No,No,Yes,No,No,No,No,No,No,Yes,No,No,No
MBAS472,"Mainboard ASUS ROG STRIX B360-G GAMING (Intel B360, Socket 1151, m-ATX, 4 khe RAM DDR4)",Yes,No,No,Yes,No,No,No,No,No,Yes,No,No,No,No,No,No,No,Yes,No,No,No,No,No,No,No,No,No,No,No,No,Yes,No,No,No,No,No,No,No,No,Yes,No,No,No,No,No,No,No,No,No,No,No,No,No,No,No,No,No,No,No,No,No,No,No,No,Yes,No,No,No
MBGI573,"Mainboard Gigabyte H410M-DS2V (Intel H410, Socket 1200, m-ATX, 2 khe Ram DDR4)",Yes,No,No,No,Yes,No,No,No,Yes,No,No,No,No,No,No,No,No,No,No,No,No,No,No,No,No,No,No,No,No,No,No,No,No,No,No,No,No,No,No,No,No,No,No,No,No,No,No,No,No,No,No,No,No,No,No,No,No,No,No,No,No,No,No,No,No,No,No,No
MBAS549,"Mainboad ASUS ROG RAMPAGE VI EXTREME ENCONRE (Intel X299, Socket 2066, E-ATX, 8 khe RAM DDR4)",Yes,No,No,Yes,No,No,No,No,No,No,No,No,No,No,No,Yes,No,No,No,No,No,Yes,No,No,No,No,No,No,No,No,No,No,Yes,No,No,No,No,No,No,No,No,No,No,No,No,No,No,No,No,Yes,No,No,No,No,No,No,No,No,No,No,No,No,No,No,No,Yes,No,No
MBAS492,"Mainboard ASUS ROG STRIX B450-F GAMING (AMD B450, Socket AM4, ATX, 4 khe RAM DDR4)",No,Yes,No,Yes,No,No,No,No,No,Yes,No,No,No,No,No,No,No,No,No,No,No,No,No,No,Yes,No,No,No,No,No,No,Yes,No,No,No,No,No,No,No,No,No,No,No,No,No,No,No,No,No,No,No,No,No,No,No,No,No,Yes,No,No,No,No,No,No,Yes,No,No,No
MBAR240,"Mainboard ASROCK B365M-HDV (Intel B365, Socket 1151, m-ATX, 2 khe RAM DDR4)",Yes,No,Yes,No,No,No,No,No,Yes,No,No,No,No,No,No,No,No,Yes,No,No,No,No,No,No,No,No,No,No,No,No,Yes,No,No,No,No,No,No,No,No,No,Yes,No,No,No,No,No,No,No,No,No,No,No,No,No,No,No,No,No,No,No,No,No,No,No,Yes,No,No,No
MBAS484,Mainboard Asus Z11PA-D8 (Dual CPU Server & Workstation),Yes,No,No,Yes,No,No,No,No,No,No,No,No,No,No,No,Yes,No,No,No,No,No,No,No,Yes,No,No,No,No,No,No,No,No,No,No,No,Yes,No,No,No,No,No,No,No,No,No,No,No,No,No,No,No,No,No,Yes,No,No,No,No,No,No,No,No,No,No,No,Yes,No,No
MBGI512,"Mainboard GIGABYTE Z390 Aorus Pro (Wifi) (Intel Z390, Socket 1151, ATX, 4 khe RAM DDR4)",Yes,No,No,No,Yes,No,No,No,No,No,No,Yes,No,No,No,No,No,Yes,No,No,No,No,No,No,No,No,No,No,No,No,No,Yes,No,No,No,No,No,No,No,No,No,No,No,Yes,No,No,No,No,No,No,No,No,No,No,No,No,No,No,No,No,No,No,No,No,Yes,No,No,No
MBAS513,"Mainboard ASUS ROG Z390 MAXIMUS XI EXTREME (Intel Z390,Socket 1151, ATX, 4 khe RAM DDR4)",Yes,No,No,Yes,No,No,No,No,No,No,No,No,No,No,Yes,No,No,Yes,No,No,No,No,No,No,No,No,No,No,No,No,No,Yes,No,No,No,No,No,No,No,No,No,No,No,Yes,No,No,No,No,No,No,No,No,No,No,No,No,No,No,No,No,No,No,No,No,Yes,No,No,No
MBGI545,"Mainboard GIGABYTE TRX40 AORUS MASTER (AMD TRX40, Socket  sTRX4, E-ATX, 8 khe RAM DDR4) ",No,Yes,No,No,Yes,No,No,No,No,No,No,No,No,No,Yes,No,No,No,No,No,No,No,No,No,No,No,No,Yes,No,No,No,No,Yes,No,No,No,No,No,No,No,No,No,No,No,No,No,No,No,No,No,No,No,No,No,No,No,No,No,No,No,No,No,Yes,No,No,Yes,No,No
MBGI524,Mainboard  Gigabyte C246_WU4,Yes,No,No,No,Yes,No,No,No,No,No,Yes,No,No,No,No,No,No,Yes,No,No,No,No,No,No,No,No,No,No,No,No,No,Yes,No,No,No,No,No,No,No,No,No,No,No,No,No,Yes,No,No,No,No,No,No,No,No,No,No,No,No,No,No,No,No,No,No,Yes,No,No,No
MBAR230,"Mainboard ASROCK B365M - Pro4 (Intel B365, Socket 1151, m-ATX, 4 khe RAM DDR4)",Yes,No,Yes,No,No,No,No,No,Yes,No,No,No,No,No,No,No,No,Yes,No,No,No,No,No,No,No,No,No,No,No,No,Yes,No,No,No,No,No,No,No,No,No,Yes,No,No,No,No,No,No,No,No,No,No,No,No,No,No,No,No,No,No,No,No,No,No,No,Yes,No,No,No
MBGI549,"Mainboard GIGABYTE H310M-S2H (Intel H310, Socket 1151, m-ATX, 2 khe RAM DDR4)",Yes,No,No,No,Yes,No,No,No,Yes,No,No,No,No,No,No,No,No,Yes,No,No,No,No,No,No,No,No,No,No,No,No,Yes,No,No,No,No,No,No,Yes,No,No,No,No,No,No,No,No,No,No,No,No,No,No,No,No,No,No,No,No,No,No,No,No,No,Yes,No,No,No,No
MBGI552,"Mainboard GIGABYTE B450 AORUS ELITE (AMD B450, Socket AM4, ATX, 4 khe RAM DDR4) ",No,Yes,No,No,Yes,No,No,No,No,Yes,No,No,No,No,No,No,No,No,No,No,No,No,No,No,No,No,No,No,No,No,No,Yes,No,No,No,No,No,No,No,No,No,No,No,No,No,No,No,No,No,No,No,No,No,No,No,No,No,No,No,No,No,No,No,No,Yes,No,No,No
MBGI569,"Mainboard Gigabyte B460M GAMING HD (Intel B460, Socket 1200, m-ATX, 2 khe RAM DDR4)",Yes,No,No,No,Yes,No,No,No,No,Yes,No,No,No,No,No,No,No,No,Yes,No,No,No,No,No,No,No,No,No,No,No,Yes,No,No,No,No,No,No,No,No,No,No,Yes,No,No,No,No,No,No,No,No,No,No,No,No,No,No,No,No,No,No,No,No,No,Yes,No,No,No,No
MBGI516,"Mainboard GIGABYTE A320M-S2H (AMD A320, Socket AM4, m-ATX, 2 khe RAM DDR4) ",No,Yes,No,No,Yes,No,No,No,Yes,No,No,No,No,No,No,No,No,No,No,No,No,No,No,No,Yes,No,No,No,No,No,Yes,No,No,No,No,No,No,No,No,No,No,No,No,No,No,No,No,No,No,No,No,No,No,No,No,Yes,No,No,No,No,No,No,No,Yes,No,No,No,No
MBAS471,"Mainboard ASUS ROG STRIX B360-F GAMING (Intel B360, Socket 1151, ATX, 4 khe RAM DDR4)",Yes,No,No,Yes,No,No,No,No,No,Yes,No,No,No,No,No,No,No,Yes,No,No,No,No,No,No,No,No,No,No,No,No,No,Yes,No,No,No,No,No,No,No,Yes,No,No,No,No,No,No,No,No,No,No,No,No,No,No,No,No,No,No,No,No,No,No,No,No,Yes,No,No,No
MBMS328,"Mainboard MSI H310M PRO - VL (Intel H310, Socket 1151, m-ATX, 2 khe RAM DDR4)",Yes,No,No,No,No,No,Yes,No,Yes,No,No,No,No,No,No,No,No,Yes,No,No,No,No,No,No,No,No,No,No,No,No,Yes,No,No,No,No,No,No,Yes,No,No,No,No,No,No,No,No,No,No,No,No,No,No,No,No,No,No,No,No,No,No,No,No,No,Yes,No,No,No,No
MBMS363,"Mainboard MSI B450M PRO VDH MAX (AMD B450, Socket AM4, m-ATX, 4 khe RAM DDR4) ",No,Yes,No,No,No,No,Yes,No,Yes,No,No,No,No,No,No,No,No,No,No,No,No,No,No,No,Yes,No,No,No,No,No,Yes,No,No,No,No,No,No,No,No,No,No,No,No,No,No,No,No,No,No,No,No,No,No,No,No,No,No,Yes,No,No,No,No,No,No,Yes,No,No,No
MBAS472,"Mainboard ASUS ROG STRIX B360-G GAMING (Intel B360, Socket 1151, m-ATX, 4 khe RAM DDR4)",Yes,No,No,Yes,No,No,No,No,No,Yes,No,No,No,No,No,No,No,Yes,No,No,No,No,No,No,No,No,No,No,No,No,Yes,No,No,No,No,No,No,No,No,Yes,No,No,No,No,No,No,No,No,No,No,No,No,No,No,No,No,No,No,No,No,No,No,No,No,Yes,No,No,No
MBGI573,"Mainboard Gigabyte H410M-DS2V (Intel H410, Socket 1200, m-ATX, 2 khe Ram DDR4)",Yes,No,No,No,Yes,No,No,No,Yes,No,No,No,No,No,No,No,No,No,No,No,No,No,No,No,No,No,No,No,No,No,No,No,No,No,No,No,No,No,No,No,No,No,No,No,No,No,No,No,No,No,No,No,No,No,No,No,No,No,No,No,No,No,No,No,No,No,No,No
MBAS549,"Mainboad ASUS ROG RAMPAGE VI EXTREME ENCONRE (Intel X299, Socket 2066, E-ATX, 8 khe RAM DDR4)",Yes,No,No,Yes,No,No,No,No,No,No,No,No,No,No,No,Yes,No,No,No,No,No,Yes,No,No,No,No,No,No,No,No,No,No,Yes,No,No,No,No,No,No,No,No,No,No,No,No,No,No,No,No,Yes,No,No,No,No,No,No,No,No,No,No,No,No,No,No,No,Yes,No,No
MBAS492,"Mainboard ASUS ROG STRIX B450-F GAMING (AMD B450, Socket AM4, ATX, 4 khe RAM DDR4)",No,Yes,No,Yes,No,No,No,No,No,Yes,No,No,No,No,No,No,No,No,No,No,No,No,No,No,Yes,No,No,No,No,No,No,Yes,No,No,No,No,No,No,No,No,No,No,No,No,No,No,No,No,No,No,No,No,No,No,No,No,No,Yes,No,No,No,No,No,No,Yes,No,No,No
MBAR239,"Mainboard ASROCK A320M-HDV R4.0 (AMD A320M, Socket AM4,,m-ATX, 2 khe RAM DDR4)",No,Yes,Yes,No,No,No,No,No,Yes,No,No,No,No,No,No,No,No,No,No,No,No,No,No,No,Yes,No,No,No,No,No,Yes,No,No,No,No,No,No,No,No,No,No,No,No,No,No,No,No,No,No,No,No,No,No,No,No,Yes,No,No,No,No,No,No,No,Yes,No,No,No,No
MBAS527,"Mainboard ASUS ROG STRIX X570-F GAMING (AMD X570 ,Socket AM4, ATX, 4 khe RAM DDR4)",No,Yes,No,Yes,No,No,No,No,No,No,No,Yes,No,No,No,No,No,No,No,No,No,No,No,No,Yes,No,No,No,No,No,No,Yes,No,No,No,No,No,No,No,No,No,No,No,No,No,No,No,No,No,No,No,No,No,No,No,No,No,No,No,No,Yes,No,No,No,Yes,No,No,No
MBGI510,"Mainboard GIGABYTE Z390 Aorus Master (Intel Z390, Socket 1151, ATX, 4 khe RAM DDR4)",Yes,No,No,No,Yes,No,No,No,No,No,No,No,Yes,No,No,No,No,Yes,No,No,No,No,No,No,No,No,No,No,No,No,No,Yes,No,No,No,No,No,No,No,No,No,No,No,Yes,No,No,No,No,No,No,No,No,No,No,No,No,No,No,No,No,No,No,No,No,Yes,No,No,No
MBAS547,"Mainboad ASUS PRIME X299 - A II (Intel X299, Socket 2066, ATX, 8 khe RAM DDR4)",Yes,No,No,Yes,No,No,No,No,No,No,No,Yes,No,No,No,No,No,No,No,No,No,Yes,No,No,No,No,No,No,No,No,No,Yes,No,No,No,No,No,No,No,No,No,No,No,No,No,No,No,No,No,Yes,No,No,No,No,No,No,No,No,No,No,No,No,No,No,No,Yes,No,No
MBGI535,"Mainboard GIGABYTE B365M-D3H (Intel B365, Socket 1151, m-ATX, 4 khe RAM DDR4)",Yes,No,No,No,Yes,No,No,No,No,Yes,No,No,No,No,No,No,No,Yes,No,No,No,No,No,No,No,No,No,No,No,No,Yes,No,No,No,No,No,No,No,No,No,Yes,No,No,No,No,No,No,No,No,No,No,No,No,No,No,No,No,No,No,No,No,No,No,No,Yes,No,No,No
MBAS569,"Mainboard ASUS TUF GAMING Z490-PLUS (Intel Z490, Socket 1200, ATX, 4 khe RAM DDR4)",Yes,No,No,Yes,No,No,No,No,No,No,No,Yes,No,No,No,No,No,No,Yes,No,No,No,No,No,No,No,No,No,No,No,No,Yes,No,No,No,No,No,No,No,No,No,No,No,No,Yes,No,No,No,No,No,No,No,No,No,No,No,No,No,No,No,No,No,No,No,Yes,No,No,No
MBMS375,"Mainboard MSI MAG Z490 TOMAHAWK (Intel Z490, Socket 1200, ATX, 4 khe RAM DDR4)",Yes,No,No,No,No,No,Yes,No,No,No,No,Yes,No,No,No,No,No,No,Yes,No,No,No,No,No,No,No,No,No,No,No,No,Yes,No,No,No,No,No,No,No,No,No,No,No,No,Yes,No,No,No,No,No,No,No,No,No,No,No,No,No,No,No,No,No,No,No,Yes,No,No,No
MBGI564,"Mainboard Gigabyte Z490 AORUS ULTRA (Intel Z490, Socket 1200, ATX, 4 khe RAM DDR4)",Yes,No,No,No,Yes,No,No,No,No,No,No,No,Yes,No,No,No,No,No,Yes,No,No,No,No,No,No,No,No,No,No,No,No,Yes,No,No,No,No,No,No,No,No,No,No,No,No,Yes,No,No,No,No,No,No,No,No,No,No,No,No,No,No,No,No,No,No,No,Yes,No,No,No
MBAR270,"Mainboard ASROCK B460M STEEL LEGEND (Intel B460, Socket 1200, m-ATX, 4 khe Ram DDR4)",Yes,No,Yes,No,No,No,No,No,No,Yes,No,No,No,No,No,No,No,No,Yes,No,No,No,No,No,No,No,No,No,No,No,No,Yes,No,No,No,No,No,No,No,No,No,Yes,No,No,No,No,No,No,No,No,No,No,No,No,No,No,No,No,No,No,No,No,No,No,Yes,No,No,No
MBMS396,Mainboard MSI B460M-A PRO,Yes,No,No,No,No,No,Yes,No,Yes,No,No,No,No,No,No,No,No,No,Yes,No,No,No,No,No,No,No,No,No,No,No,Yes,No,No,No,No,No,No,No,No,No,No,Yes,No,No,No,No,No,No,No,No,No,No,No,No,No,No,No,No,No,No,No,No,No,Yes,No,No,No,No
MBAS593,"Mainboard ASUS ROG STRIX B550-E GAMING (AMD B550, Socket AM4, ATX, 4 khe RAM DRR4)",No,Yes,No,Yes,No,No,No,No,No,No,No,Yes,No,No,No,No,No,No,No,No,No,No,No,No,Yes,No,No,No,No,No,No,Yes,No,No,No,No,No,No,No,No,No,No,No,No,No,No,No,No,No,No,No,No,No,No,No,No,No,No,Yes,No,No,No,No,No,Yes,No,No,No
MBMS399,"Mainboard MSI B550M PRO-DASH (AMD B550, Socket AM4, m-ATX, 4 khe RAM DRR4)",No,Yes,No,No,No,No,Yes,No,No,Yes,No,No,No,No,No,No,No,No,No,No,No,No,No,No,Yes,No,No,No,No,No,Yes,No,No,No,No,No,No,No,No,No,No,No,No,No,No,No,No,No,No,No,No,No,No,No,No,No,No,No,Yes,No,No,No,No,No,Yes,No,No,No
MBGI511,"Mainboard GIGABYTE Z390 Aorus Ultra (Intel Z390, Socket 1151, ATX, 4 khe RAM DDR4)",Yes,No,No,No,Yes,No,No,No,No,No,No,Yes,No,No,No,No,No,Yes,No,No,No,No,No,No,No,No,No,No,No,No,No,Yes,No,No,No,No,No,No,No,No,No,No,No,Yes,No,No,No,No,No,No,No,No,No,No,No,No,No,No,No,No,No,No,No,No,Yes,No,No,No
MBAS494,"Mainboard ASUS PRIME H310M-E R2.0 (Intel H310, Socket 1151, m-ATX, 2 khe RAM DDR4)",Yes,No,No,Yes,No,No,No,No,Yes,No,No,No,No,No,No,No,No,Yes,No,No,No,No,No,No,No,No,No,No,No,No,Yes,No,No,No,No,No,No,Yes,No,No,No,No,No,No,No,No,No,No,No,No,No,No,No,No,No,No,No,No,No,No,No,No,No,No,No,No,No,No
MBGI583,"Mainboard Gigabyte W480 VISION W (W480, socket 1200, ATX, 4 khe RAM DDR4)",Yes,No,No,No,Yes,No,No,No,No,No,No,Yes,No,No,No,No,No,No,Yes,No,No,No,No,No,No,No,No,No,No,No,No,Yes,No,No,No,No,No,No,No,No,No,No,No,No,No,No,No,No,No,No,No,No,No,No,No,No,No,No,No,No,No,No,No,No,Yes,No,No,No
MBMS378,"Mainboard MSI MPG Z490 GAMING EDGE WIFI (Intel Z490, Socket 1200, ATX, 4 khe RAM DDR4)",Yes,No,No,No,No,No,Yes,No,No,No,No,Yes,No,No,No,No,No,No,Yes,No,No,No,No,No,No,No,No,No,No,No,No,Yes,No,No,No,No,No,No,No,No,No,No,No,No,Yes,No,No,No,No,No,No,No,No,No,No,No,No,No,No,No,No,No,No,No,Yes,No,No,No
HHTL734,"Mainboard MSI Z490-A PRO( Intel Z490, Socket 1200, ATX, 4 khe RAM DDR4) (HÀNG THANH LÝ MỚI 95% - MBMS377)",Yes,No,No,No,No,No,Yes,No,No,No,Yes,No,No,No,No,No,No,No,Yes,No,No,No,No,No,No,No,No,No,No,No,No,Yes,No,No,No,No,No,No,No,No,No,No,No,No,Yes,No,No,No,No,No,No,No,No,No,No,No,No,No,No,No,No,No,No,No,Yes,No,No,No
MBAR278,"Mainboard ASROCK B550M PRO4 (AMD B550, Socket AM4, m-ATX, 4 khe RAM DDR4)",No,Yes,Yes,No,No,No,No,No,No,Yes,No,No,No,No,No,No,No,No,No,No,No,No,No,No,Yes,No,No,No,No,No,Yes,No,No,No,No,No,No,No,No,No,No,No,No,No,No,No,No,No,No,No,No,No,No,No,No,No,No,No,Yes,No,No,No,No,No,Yes,No,No,No
MBAR280,"Mainboard ASROCK B550 STEEL LEGEND (AMD B550, Socket AM4, ATX, 4 khe RAM DDR4)",No,Yes,Yes,No,No,No,No,No,No,No,Yes,No,No,No,No,No,No,No,No,No,No,No,No,No,Yes,No,No,No,No,No,No,Yes,No,No,No,No,No,No,No,No,No,No,No,No,No,No,No,No,No,No,No,No,No,No,No,No,No,No,Yes,No,No,No,No,No,Yes,No,No,No
MBAS544,Mainboard Asus WS X299 SAGE,Yes,No,No,Yes,No,No,No,No,No,No,No,No,No,No,No,Yes,No,No,No,No,No,Yes,No,No,No,No,No,No,No,No,No,No,No,No,No,Yes,No,No,No,No,No,No,No,No,No,No,No,No,Yes,No,No,No,No,No,No,No,No,No,No,No,No,No,No,No,No,Yes,No,No
MBGI582,"Mainboard Gigabyte W480M VISION W (W480, socket 1200, mATX, 4 khe RAM DDR4)",Yes,No,No,No,Yes,No,No,No,No,No,No,Yes,No,No,No,No,No,No,Yes,No,No,No,No,No,No,No,No,No,No,No,Yes,No,No,No,No,No,No,No,No,No,No,No,No,No,No,No,No,No,No,No,No,No,No,No,No,No,No,No,No,No,No,No,No,No,Yes,No,No,No
MBAS565,"Mainboard ASUS ROG STRIX Z490-G (WI-FI) GAMING (Intel Z490, Socket 1200, m-ATX, 4 khe RAM DDR4)",Yes,No,No,Yes,No,No,No,No,No,No,No,Yes,No,No,No,No,No,No,Yes,No,No,No,No,No,No,No,No,No,No,No,Yes,No,No,No,No,No,No,No,No,No,No,No,No,No,Yes,No,No,No,No,No,No,No,No,No,No,No,No,No,No,No,No,No,No,No,Yes,No,No,No
MBGI554,"Mainboard GIGABYTE Z490 AORUS MASTER (Intel Z490, Socket 1200, ATX, 4 khe RAM DDR4)",Yes,No,No,No,Yes,No,No,No,No,No,No,No,No,Yes,No,No,No,No,Yes,No,No,No,No,No,No,No,No,No,No,No,No,Yes,No,No,No,No,No,No,No,No,No,No,No,No,Yes,No,No,No,No,No,No,No,No,No,No,No,No,No,No,No,No,No,No,No,Yes,No,No,No
MBAR246,"Mainboard ASROCK Z490 AQUA (Intel Z490, Socket 1200, E-ATX, 4 khe Ram DDR4)",Yes,No,Yes,No,No,No,No,No,No,No,No,No,No,No,No,Yes,No,No,Yes,No,No,No,No,No,No,No,No,No,No,No,No,Yes,No,No,No,No,No,No,No,No,No,No,No,No,Yes,No,No,No,No,No,No,No,No,No,No,No,No,No,No,No,No,No,No,No,Yes,No,No,No
MBAR260,"Mainboard ASROCK B460M-HDV (Intel B460, Socket 1200, m-ATX, 2 khe Ram DDR4)",Yes,No,Yes,No,No,No,No,No,No,No,No,No,No,No,No,No,No,No,Yes,No,No,No,No,No,No,No,No,No,No,No,Yes,No,No,No,No,No,No,No,No,No,No,Yes,No,No,No,No,No,No,No,No,No,No,No,No,No,No,No,No,No,No,No,No,No,Yes,No,No,No,No
MBAR272,"Mainboard ASROCK B460M PRO4 (Intel B460, Socket 1200, m-ATX, 4 khe Ram DDR4)",Yes,No,Yes,No,No,No,No,No,No,Yes,No,No,No,No,No,No,No,No,Yes,No,No,No,No,No,No,No,No,No,No,No,Yes,No,No,No,No,No,No,No,No,No,No,Yes,No,No,No,No,No,No,No,No,No,No,No,No,No,No,No,No,No,No,No,No,No,No,Yes,No,No,No
MBAS595,"Mainboard ASUS ROG STRIX B550-F GAMING (WI-FI) (AMD B550, Socket AM4, ATX, 4 khe RAM DRR4)",No,Yes,No,Yes,No,No,No,No,No,No,No,Yes,No,No,No,No,No,No,No,No,No,No,No,No,Yes,No,No,No,No,No,No,Yes,No,No,No,No,No,No,No,No,No,No,No,No,No,No,No,No,No,No,No,No,No,No,No,No,No,No,Yes,No,No,No,No,No,Yes,No,No,No
MBAS527,"Mainboard ASUS ROG STRIX X570-F GAMING (AMD X570 ,Socket AM4, ATX, 4 khe RAM DDR4)",No,Yes,No,Yes,No,No,No,No,No,No,No,Yes,No,No,No,No,No,No,No,No,No,No,No,No,Yes,No,No,No,No,No,No,Yes,No,No,No,No,No,No,No,No,No,No,No,No,No,No,No,No,No,No,No,No,No,No,No,No,No,No,No,No,Yes,No,No,No,Yes,No,No,No
MBGI510,"Mainboard GIGABYTE Z390 Aorus Master (Intel Z390, Socket 1151, ATX, 4 khe RAM DDR4)",Yes,No,No,No,Yes,No,No,No,No,No,No,No,Yes,No,No,No,No,Yes,No,No,No,No,No,No,No,No,No,No,No,No,No,Yes,No,No,No,No,No,No,No,No,No,No,No,Yes,No,No,No,No,No,No,No,No,No,No,No,No,No,No,No,No,No,No,No,No,Yes,No,No,No
MBAS547,"Mainboad ASUS PRIME X299 - A II (Intel X299, Socket 2066, ATX, 8 khe RAM DDR4)",Yes,No,No,Yes,No,No,No,No,No,No,No,Yes,No,No,No,No,No,No,No,No,No,Yes,No,No,No,No,No,No,No,No,No,Yes,No,No,No,No,No,No,No,No,No,No,No,No,No,No,No,No,No,Yes,No,No,No,No,No,No,No,No,No,No,No,No,No,No,No,Yes,No,No
MBGI535,"Mainboard GIGABYTE B365M-D3H (Intel B365, Socket 1151, m-ATX, 4 khe RAM DDR4)",Yes,No,No,No,Yes,No,No,No,No,Yes,No,No,No,No,No,No,No,Yes,No,No,No,No,No,No,No,No,No,No,No,No,Yes,No,No,No,No,No,No,No,No,No,Yes,No,No,No,No,No,No,No,No,No,No,No,No,No,No,No,No,No,No,No,No,No,No,No,Yes,No,No,No
MBAS569,"Mainboard ASUS TUF GAMING Z490-PLUS (Intel Z490, Socket 1200, ATX, 4 khe RAM DDR4)",Yes,No,No,Yes,No,No,No,No,No,No,No,Yes,No,No,No,No,No,No,Yes,No,No,No,No,No,No,No,No,No,No,No,No,Yes,No,No,No,No,No,No,No,No,No,No,No,No,Yes,No,No,No,No,No,No,No,No,No,No,No,No,No,No,No,No,No,No,No,Yes,No,No,No
MBMS375,"Mainboard MSI MAG Z490 TOMAHAWK (Intel Z490, Socket 1200, ATX, 4 khe RAM DDR4)",Yes,No,No,No,No,No,Yes,No,No,No,No,Yes,No,No,No,No,No,No,Yes,No,No,No,No,No,No,No,No,No,No,No,No,Yes,No,No,No,No,No,No,No,No,No,No,No,No,Yes,No,No,No,No,No,No,No,No,No,No,No,No,No,No,No,No,No,No,No,Yes,No,No,No
MBGI564,"Mainboard Gigabyte Z490 AORUS ULTRA (Intel Z490, Socket 1200, ATX, 4 khe RAM DDR4)",Yes,No,No,No,Yes,No,No,No,No,No,No,No,Yes,No,No,No,No,No,Yes,No,No,No,No,No,No,No,No,No,No,No,No,Yes,No,No,No,No,No,No,No,No,No,No,No,No,Yes,No,No,No,No,No,No,No,No,No,No,No,No,No,No,No,No,No,No,No,Yes,No,No,No
MBAR270,"Mainboard ASROCK B460M STEEL LEGEND (Intel B460, Socket 1200, m-ATX, 4 khe Ram DDR4)",Yes,No,Yes,No,No,No,No,No,No,Yes,No,No,No,No,No,No,No,No,Yes,No,No,No,No,No,No,No,No,No,No,No,No,Yes,No,No,No,No,No,No,No,No,No,Yes,No,No,No,No,No,No,No,No,No,No,No,No,No,No,No,No,No,No,No,No,No,No,Yes,No,No,No
MBMS396,Mainboard MSI B460M-A PRO,Yes,No,No,No,No,No,Yes,No,Yes,No,No,No,No,No,No,No,No,No,Yes,No,No,No,No,No,No,No,No,No,No,No,Yes,No,No,No,No,No,No,No,No,No,No,Yes,No,No,No,No,No,No,No,No,No,No,No,No,No,No,No,No,No,No,No,No,No,Yes,No,No,No,No
MBAS593,"Mainboard ASUS ROG STRIX B550-E GAMING (AMD B550, Socket AM4, ATX, 4 khe RAM DRR4)",No,Yes,No,Yes,No,No,No,No,No,No,No,Yes,No,No,No,No,No,No,No,No,No,No,No,No,Yes,No,No,No,No,No,No,Yes,No,No,No,No,No,No,No,No,No,No,No,No,No,No,No,No,No,No,No,No,No,No,No,No,No,No,Yes,No,No,No,No,No,Yes,No,No,No
MBMS399,"Mainboard MSI B550M PRO-DASH (AMD B550, Socket AM4, m-ATX, 4 khe RAM DRR4)",No,Yes,No,No,No,No,Yes,No,No,Yes,No,No,No,No,No,No,No,No,No,No,No,No,No,No,Yes,No,No,No,No,No,Yes,No,No,No,No,No,No,No,No,No,No,No,No,No,No,No,No,No,No,No,No,No,No,No,No,No,No,No,Yes,No,No,No,No,No,Yes,No,No,No
MBGI511,"Mainboard GIGABYTE Z390 Aorus Ultra (Intel Z390, Socket 1151, ATX, 4 khe RAM DDR4)",Yes,No,No,No,Yes,No,No,No,No,No,No,Yes,No,No,No,No,No,Yes,No,No,No,No,No,No,No,No,No,No,No,No,No,Yes,No,No,No,No,No,No,No,No,No,No,No,Yes,No,No,No,No,No,No,No,No,No,No,No,No,No,No,No,No,No,No,No,No,Yes,No,No,No
MBAS494,"Mainboard ASUS PRIME H310M-E R2.0 (Intel H310, Socket 1151, m-ATX, 2 khe RAM DDR4)",Yes,No,No,Yes,No,No,No,No,Yes,No,No,No,No,No,No,No,No,Yes,No,No,No,No,No,No,No,No,No,No,No,No,Yes,No,No,No,No,No,No,Yes,No,No,No,No,No,No,No,No,No,No,No,No,No,No,No,No,No,No,No,No,No,No,No,No,No,No,No,No,No,No
MBGI583,"Mainboard Gigabyte W480 VISION W (W480, socket 1200, ATX, 4 khe RAM DDR4)",Yes,No,No,No,Yes,No,No,No,No,No,No,Yes,No,No,No,No,No,No,Yes,No,No,No,No,No,No,No,No,No,No,No,No,Yes,No,No,No,No,No,No,No,No,No,No,No,No,No,No,No,No,No,No,No,No,No,No,No,No,No,No,No,No,No,No,No,No,Yes,No,No,No
MBMS378,"Mainboard MSI MPG Z490 GAMING EDGE WIFI (Intel Z490, Socket 1200, ATX, 4 khe RAM DDR4)",Yes,No,No,No,No,No,Yes,No,No,No,No,Yes,No,No,No,No,No,No,Yes,No,No,No,No,No,No,No,No,No,No,No,No,Yes,No,No,No,No,No,No,No,No,No,No,No,No,Yes,No,No,No,No,No,No,No,No,No,No,No,No,No,No,No,No,No,No,No,Yes,No,No,No
HHTL734,"Mainboard MSI Z490-A PRO( Intel Z490, Socket 1200, ATX, 4 khe RAM DDR4) (HÀNG THANH LÝ MỚI 95% - MBMS377)",Yes,No,No,No,No,No,Yes,No,No,No,Yes,No,No,No,No,No,No,No,Yes,No,No,No,No,No,No,No,No,No,No,No,No,Yes,No,No,No,No,No,No,No,No,No,No,No,No,Yes,No,No,No,No,No,No,No,No,No,No,No,No,No,No,No,No,No,No,No,Yes,No,No,No
MBAR278,"Mainboard ASROCK B550M PRO4 (AMD B550, Socket AM4, m-ATX, 4 khe RAM DDR4)",No,Yes,Yes,No,No,No,No,No,No,Yes,No,No,No,No,No,No,No,No,No,No,No,No,No,No,Yes,No,No,No,No,No,Yes,No,No,No,No,No,No,No,No,No,No,No,No,No,No,No,No,No,No,No,No,No,No,No,No,No,No,No,Yes,No,No,No,No,No,Yes,No,No,No
MBAR280,"Mainboard ASROCK B550 STEEL LEGEND (AMD B550, Socket AM4, ATX, 4 khe RAM DDR4)",No,Yes,Yes,No,No,No,No,No,No,No,Yes,No,No,No,No,No,No,No,No,No,No,No,No,No,Yes,No,No,No,No,No,No,Yes,No,No,No,No,No,No,No,No,No,No,No,No,No,No,No,No,No,No,No,No,No,No,No,No,No,No,Yes,No,No,No,No,No,Yes,No,No,No
MBAS544,Mainboard Asus WS X299 SAGE,Yes,No,No,Yes,No,No,No,No,No,No,No,No,No,No,No,Yes,No,No,No,No,No,Yes,No,No,No,No,No,No,No,No,No,No,No,No,No,Yes,No,No,No,No,No,No,No,No,No,No,No,No,Yes,No,No,No,No,No,No,No,No,No,No,No,No,No,No,No,No,Yes,No,No
MBGI582,"Mainboard Gigabyte W480M VISION W (W480, socket 1200, mATX, 4 khe RAM DDR4)",Yes,No,No,No,Yes,No,No,No,No,No,No,Yes,No,No,No,No,No,No,Yes,No,No,No,No,No,No,No,No,No,No,No,Yes,No,No,No,No,No,No,No,No,No,No,No,No,No,No,No,No,No,No,No,No,No,No,No,No,No,No,No,No,No,No,No,No,No,Yes,No,No,No
MBAS565,"Mainboard ASUS ROG STRIX Z490-G (WI-FI) GAMING (Intel Z490, Socket 1200, m-ATX, 4 khe RAM DDR4)",Yes,No,No,Yes,No,No,No,No,No,No,No,Yes,No,No,No,No,No,No,Yes,No,No,No,No,No,No,No,No,No,No,No,Yes,No,No,No,No,No,No,No,No,No,No,No,No,No,Yes,No,No,No,No,No,No,No,No,No,No,No,No,No,No,No,No,No,No,No,Yes,No,No,No
MBGI554,"Mainboard GIGABYTE Z490 AORUS MASTER (Intel Z490, Socket 1200, ATX, 4 khe RAM DDR4)",Yes,No,No,No,Yes,No,No,No,No,No,No,No,No,Yes,No,No,No,No,Yes,No,No,No,No,No,No,No,No,No,No,No,No,Yes,No,No,No,No,No,No,No,No,No,No,No,No,Yes,No,No,No,No,No,No,No,No,No,No,No,No,No,No,No,No,No,No,No,Yes,No,No,No
MBAR246,"Mainboard ASROCK Z490 AQUA (Intel Z490, Socket 1200, E-ATX, 4 khe Ram DDR4)",Yes,No,Yes,No,No,No,No,No,No,No,No,No,No,No,No,Yes,No,No,Yes,No,No,No,No,No,No,No,No,No,No,No,No,Yes,No,No,No,No,No,No,No,No,No,No,No,No,Yes,No,No,No,No,No,No,No,No,No,No,No,No,No,No,No,No,No,No,No,Yes,No,No,No
MBAR260,"Mainboard ASROCK B460M-HDV (Intel B460, Socket 1200, m-ATX, 2 khe Ram DDR4)",Yes,No,Yes,No,No,No,No,No,No,No,No,No,No,No,No,No,No,No,Yes,No,No,No,No,No,No,No,No,No,No,No,Yes,No,No,No,No,No,No,No,No,No,No,Yes,No,No,No,No,No,No,No,No,No,No,No,No,No,No,No,No,No,No,No,No,No,Yes,No,No,No,No
MBAR272,"Mainboard ASROCK B460M PRO4 (Intel B460, Socket 1200, m-ATX, 4 khe Ram DDR4)",Yes,No,Yes,No,No,No,No,No,No,Yes,No,No,No,No,No,No,No,No,Yes,No,No,No,No,No,No,No,No,No,No,No,Yes,No,No,No,No,No,No,No,No,No,No,Yes,No,No,No,No,No,No,No,No,No,No,No,No,No,No,No,No,No,No,No,No,No,No,Yes,No,No,No
MBAS595,"Mainboard ASUS ROG STRIX B550-F GAMING (WI-FI) (AMD B550, Socket AM4, ATX, 4 khe RAM DRR4)",No,Yes,No,Yes,No,No,No,No,No,No,No,Yes,No,No,No,No,No,No,No,No,No,No,No,No,Yes,No,No,No,No,No,No,Yes,No,No,No,No,No,No,No,No,No,No,No,No,No,No,No,No,No,No,No,No,No,No,No,No,No,No,Yes,No,No,No,No,No,Yes,No,No,No
HHTL727,"Mainboard Gigabyte B550 AORUS ELITE (AMD B550, Socket AM4, m-ATX, 4 khe RAM DDR4) (HÀNG THANH LÝ MỚI 95% - MBGI578)",No,Yes,No,No,Yes,No,No,No,No,No,No,No,No,No,No,No,No,No,No,No,No,No,No,No,Yes,No,No,No,No,No,Yes,No,No,No,No,No,No,No,No,No,No,No,No,No,No,No,No,No,No,No,No,No,No,No,No,No,No,No,Yes,No,No,No,No,No,Yes,No,No,No
MBAR225,"Mainboard ASROCK Z390 Pro4 (Intel Z390, Socket 1151, ATX, 4 khe RAM DDR4)",Yes,No,Yes,No,No,No,No,No,No,Yes,No,No,No,No,No,No,No,Yes,No,No,No,No,No,No,No,No,No,No,No,No,No,Yes,No,No,No,No,No,No,No,No,No,No,No,Yes,No,No,No,No,No,No,No,No,No,No,No,No,No,No,No,No,No,No,No,No,Yes,No,No,No
MBAS531,"Mainboard ASUS TUF GAMING X570-PLUS (AMD X570, Socket AM4, ATX, 4 khe RAM DDR4)",No,No,No,Yes,No,No,No,No,No,No,Yes,No,No,No,No,No,No,No,No,No,No,No,No,No,Yes,No,No,No,No,No,No,Yes,No,No,No,No,No,No,No,No,No,No,No,No,No,No,No,No,No,No,No,No,No,No,No,No,No,No,No,No,Yes,No,No,No,Yes,No,No,No
MBGI517,"Mainboard GIGABYTE B450M-Gaming (AMD B450, Socket AM4, m-ATX, 2 khe RAM DDR4) ",No,Yes,No,No,Yes,No,No,No,Yes,No,No,No,No,No,No,No,No,No,No,No,No,No,No,No,Yes,No,No,No,No,No,Yes,No,No,No,No,No,No,No,No,No,No,No,No,No,No,No,No,No,No,No,No,No,No,No,No,No,No,Yes,No,No,No,No,No,No,No,No,No,No
MBAS499,"Mainboard ASUS PRIME Z390-P (Intel Z390, Socket 1151, ATX, 4 khe RAM DDR4)",Yes,No,No,Yes,No,No,No,No,No,Yes,No,No,No,No,No,No,No,Yes,No,No,No,No,No,No,No,No,No,No,No,No,No,Yes,No,No,No,No,No,No,No,No,No,No,No,Yes,No,No,No,No,No,No,No,No,No,No,No,No,No,No,No,No,No,No,No,No,No,No,No,No
MBMS355,"Mainboard MSI B365M PRO-VH (Intel B365, Socket 1151, m-ATX, 2 khe RAM DDR4)",No,No,No,No,No,No,Yes,No,No,No,No,No,No,No,No,No,No,Yes,No,No,No,No,No,No,No,No,No,No,No,No,Yes,No,No,No,No,No,No,No,No,No,Yes,No,No,No,No,No,No,No,No,No,No,No,No,No,No,No,No,No,No,No,No,No,No,Yes,No,No,No,No
HHTL566,"Mainboard GIGABYTE X570 AORUS ULTRA (AMD X570, Socket AM4, ATX, 4 khe RAM DDR4) (HÀNG THANH LÝ - MỚI 90%)",No,Yes,No,No,Yes,No,No,No,No,No,No,Yes,No,No,No,No,No,No,No,No,No,No,No,No,Yes,No,No,No,No,No,No,Yes,No,No,No,No,No,No,No,No,No,No,No,No,No,No,No,No,No,No,No,No,No,No,No,No,No,No,No,No,Yes,No,No,No,Yes,No,No,No
MBAS563,"Mainboard ASUS ROG STRIX Z490-A GAMING (Intel Z490, Socket 1200, ATX, 4 khe RAM DDR4)",Yes,No,No,Yes,No,No,No,No,No,No,No,Yes,No,No,No,No,No,No,Yes,No,No,No,No,No,No,No,No,No,No,No,No,Yes,No,No,No,No,No,No,No,No,No,No,No,No,Yes,No,No,No,No,No,No,No,No,No,No,No,No,No,No,No,No,No,No,No,Yes,No,No,No
MBGI555,"Mainboard GIGABYTE Z490 AORUS ULTRA(G2) (Intel Z490, Socket 1200, ATX, 4 khe RAM DDR4)",Yes,No,No,No,Yes,No,No,No,No,No,No,No,No,Yes,No,No,No,No,Yes,No,No,No,No,No,No,No,No,No,No,No,No,Yes,No,No,No,No,No,No,No,No,No,No,No,No,Yes,No,No,No,No,No,No,No,No,No,No,No,No,No,No,No,No,No,No,No,Yes,No,No,No
MBAR261,"Mainboard ASROCK B460M-ITX/ac (Intel B460, Socket 1200, Mini-ITX, 2 khe Ram DDR4)",Yes,No,Yes,No,No,No,No,No,No,Yes,No,No,No,No,No,No,No,No,Yes,No,No,No,No,No,No,No,No,No,Yes,No,No,No,No,No,No,No,No,No,No,No,No,Yes,No,No,No,No,No,No,No,No,No,No,No,No,No,No,No,No,No,No,No,No,No,Yes,No,No,No,No
MBAR264,"Mainboard ASROCK H410M-HDV (Intel H410, Socket 1200, m-ATX, 2 khe Ram DDR4)",Yes,No,Yes,No,No,No,No,No,Yes,No,No,No,No,No,No,No,No,No,Yes,No,No,No,No,No,No,No,No,No,No,No,Yes,No,No,No,No,No,No,No,Yes,No,No,No,No,No,No,No,No,No,No,No,No,No,No,No,No,No,No,No,No,No,No,No,No,Yes,No,No,No,No
MBGI574,"Mainboard Gigabyte B550 AORUS MASTER (AMD B550, Socket AM4, m-ATX, 4 khe RAM DDR4)",No,Yes,No,No,Yes,No,No,No,No,No,No,No,Yes,No,No,No,No,No,No,No,No,No,No,No,Yes,No,No,No,No,No,Yes,No,No,No,No,No,No,No,No,No,No,No,No,No,No,No,No,No,No,No,No,No,No,No,No,No,No,No,Yes,No,No,No,No,No,Yes,No,No,No
MBAR227,"Mainboard ASROCK H310CM HDV (Intel H310, Socket 1151, m-ATX, 2 khe RAM DDR4)",No,No,Yes,No,No,No,No,No,Yes,No,No,No,No,No,No,No,No,Yes,No,No,No,No,No,No,No,No,No,No,No,No,Yes,No,No,No,No,No,No,Yes,No,No,No,No,No,No,No,No,No,No,No,No,No,No,No,No,No,No,No,No,No,No,No,No,No,Yes,No,No,No,No
MBGI518,"Mainboard GIGABYTE Z390 UD (Intel Z390, Socket 1151, ATX, 4 khe RAM DDR4)",Yes,No,No,No,Yes,No,No,No,No,No,No,No,No,No,No,No,No,Yes,No,No,No,No,No,No,No,No,No,No,No,No,No,Yes,No,No,No,No,No,No,No,No,No,No,No,Yes,No,No,No,No,No,No,No,No,No,No,No,No,No,No,No,No,No,No,No,No,Yes,No,No,No
MBGI584,"Mainboard Gigabyte B550I AORUS PRO AX (AMD B550, Socket AM4, Mini-ITX, 2 khe RAM DRR4)",No,Yes,No,No,Yes,No,No,No,No,No,Yes,No,No,No,No,No,No,No,No,No,No,No,No,No,Yes,No,No,No,Yes,No,No,No,No,No,No,No,No,No,No,No,No,No,No,No,No,No,No,No,No,No,No,No,No,No,No,No,No,No,Yes,No,No,No,No,Yes,No,No,No,No
MBGI507,"Mainboard GIGABYTE B450 AORUS - M (AMD B450, Socket AM4, m-ATX, 4 khe RAM DDR4) ",No,Yes,No,No,Yes,No,No,No,No,Yes,No,No,No,No,No,No,No,No,No,No,No,No,No,No,Yes,No,No,No,No,No,Yes,No,No,No,No,No,No,No,No,No,No,No,No,No,No,No,No,No,No,No,No,No,No,No,No,No,No,Yes,No,No,No,No,No,No,Yes,No,No,No
MBAS490,Mainboard Asus WS C246 PRO,Yes,No,No,Yes,No,No,No,No,No,No,No,Yes,No,No,No,No,No,Yes,No,No,No,No,No,No,No,No,No,No,No,No,No,Yes,No,No,No,No,No,No,No,No,No,No,No,No,No,Yes,No,No,No,No,No,No,No,No,No,No,No,No,No,No,No,No,No,No,Yes,No,No,No
MBAS571,"Mainboard ASUS PRIME Z490-P (Intel Z490, Socket 1200, ATX, 4 khe RAM DDR4)",Yes,No,No,Yes,No,No,No,No,No,No,Yes,No,No,No,No,No,No,No,Yes,No,No,No,No,No,No,No,No,No,No,No,No,Yes,No,No,No,No,No,No,No,No,No,No,No,No,Yes,No,No,No,No,No,No,No,No,No,No,No,No,No,No,No,No,No,No,No,Yes,No,No,No
MBAS587,"Mainboard ASUS EX-B460M-V5 (Intel B460, Socket 1200, m-ATX, 2 khe Ram DDR4)",Yes,No,No,Yes,No,No,No,No,Yes,No,No,No,No,No,No,No,No,No,Yes,No,No,No,No,No,No,No,No,No,No,No,Yes,No,No,No,No,No,No,No,No,No,No,Yes,No,No,No,No,No,No,No,No,No,No,No,No,No,No,No,No,No,No,No,No,No,Yes,No,No,No,No
MBMS394,"Mainboard MSI H410M PRO (Intel H410, Socket 1200, m-ATX, 2 khe RAM DDR4)",Yes,No,No,No,No,No,Yes,No,Yes,No,No,No,No,No,No,No,No,No,Yes,No,No,No,No,No,No,No,No,No,No,No,Yes,No,No,No,No,No,No,No,Yes,No,No,No,No,No,No,No,No,No,No,No,No,No,No,No,No,No,No,No,No,No,No,No,No,Yes,No,No,No,No
MBAR275,"Mainboard ASROCK B550 EXTREME 4 (AMD B550, Socket AM4, ATX, 4 khe RAM DDR4)",No,No,Yes,No,No,No,No,No,No,No,Yes,No,No,No,No,No,No,No,No,No,No,No,No,No,Yes,No,No,No,No,No,No,Yes,No,No,No,No,No,No,No,No,No,No,No,No,No,No,No,No,No,No,No,No,No,No,No,No,No,No,Yes,No,No,No,No,No,Yes,No,No,No
MBMS397,"Mainboard MSI B550-A PRO (AMD B550, Socket AM4, ATX, 4 khe RAM DRR4)",No,No,No,No,No,No,Yes,No,No,No,Yes,No,No,No,No,No,No,No,No,No,No,No,No,No,Yes,No,No,No,No,No,No,Yes,No,No,No,No,No,No,No,No,No,No,No,No,No,No,No,No,No,No,No,No,No,No,No,No,No,No,Yes,No,No,No,No,No,Yes,No,No,No
MBAR191,Mainboard Asrock Rack EP2C602 - Dual CPU Socket 2011,Yes,No,Yes,No,No,No,No,No,No,No,No,No,Yes,No,No,No,No,No,No,Yes,No,No,No,No,No,No,No,No,No,No,No,No,No,No,Yes,No,No,No,No,No,No,No,No,No,No,No,No,No,No,No,No,Yes,No,No,No,No,No,No,No,No,No,No,No,No,No,Yes,No,No
MBAS526,"Mainboard ASUS ROG STRIX B365-G GAMING (Intel B365 , Socket 1151, m-ATX, 4 khe RAM DDR4)",Yes,No,No,Yes,No,No,No,No,No,Yes,No,No,No,No,No,No,No,Yes,No,No,No,No,No,No,No,No,No,No,No,No,Yes,No,No,No,No,No,No,No,No,No,Yes,No,No,No,No,No,No,No,No,No,No,No,No,No,No,No,No,No,No,No,No,No,No,No,Yes,No,No,No
MBGI509,"Mainboard GIGABYTE Z390 Gaming X (Intel Z390, Socket 1151, ATX, 4 khe RAM DDR4)",Yes,No,No,No,Yes,No,No,No,No,No,No,No,No,No,No,No,No,Yes,No,No,No,No,No,No,No,No,No,No,No,No,No,Yes,No,No,No,No,No,No,No,No,No,No,No,Yes,No,No,No,No,No,No,No,No,No,No,No,No,No,No,No,No,No,No,No,No,Yes,No,No,No
MBGI550,"Mainboard GIGABYTE X299X AORUS MASTER (Intel X299, Socket 2066, E-ATX, 8 khe RAM DDR4)",Yes,No,No,No,Yes,No,No,No,No,No,No,No,No,Yes,No,No,No,No,No,No,No,Yes,No,No,No,No,No,No,No,No,No,No,Yes,No,No,No,No,No,No,No,No,No,No,No,No,No,No,No,No,Yes,No,No,No,No,No,No,No,No,No,No,No,No,No,No,No,Yes,No,No
MBAS568,"Mainboard ASUS TUF Gaming Z490-PLUS (WI-FI) (Intel Z490, Socket 1200, ATX, 4 khe RAM DDR4)",No,No,No,Yes,No,No,No,No,No,No,No,Yes,No,No,No,No,No,No,Yes,No,No,No,No,No,No,No,No,No,No,No,No,Yes,No,No,No,No,No,No,No,No,No,No,No,No,Yes,No,No,No,No,No,No,No,No,No,No,No,No,No,No,No,No,No,No,No,Yes,No,No,No
MBAR273,"Mainboard ASROCK B460 PHANTOM GAMING 4 (Intel B460, Socket 1200, ATX, 4 khe Ram DDR4)",Yes,No,Yes,No,No,No,No,No,No,Yes,No,No,No,No,No,No,No,No,Yes,No,No,No,No,No,No,No,No,No,No,No,No,Yes,No,No,No,No,No,No,No,No,No,Yes,No,No,No,No,No,No,No,No,No,No,No,No,No,No,No,No,No,No,No,No,No,No,Yes,No,No,No
MBMS395,"Mainboard MSI H410M-A PRO (Intel H410, Socket 1200, m-ATX, 2 khe RAM DDR4)",Yes,No,No,No,No,No,Yes,No,Yes,No,No,No,No,No,No,No,No,No,Yes,No,No,No,No,No,No,No,No,No,No,No,Yes,No,No,No,No,No,No,No,Yes,No,No,No,No,No,No,No,No,No,No,No,No,No,No,No,No,No,No,No,No,No,No,No,No,Yes,No,No,No,No
MBAR276,"Mainboard ASROCK B550M STEEL LEGEND (AMD B550, Socket AM4, m-ATX, 4 khe RAM DDR4)",No,No,Yes,No,No,No,No,No,No,No,Yes,No,No,No,No,No,No,No,No,No,No,No,No,No,Yes,No,No,No,No,No,Yes,No,No,No,No,No,No,No,No,No,No,No,No,No,No,No,No,No,No,No,No,No,No,No,No,No,No,No,Yes,No,No,No,No,No,Yes,No,No,No
MBMS398,Mainboard MSI B550M PRO-VDH WIFI,No,No,No,No,No,No,Yes,No,No,No,Yes,No,No,No,No,No,No,No,No,No,No,No,No,No,Yes,No,No,No,No,No,Yes,No,No,No,No,No,No,No,No,No,No,No,No,No,No,No,No,No,No,No,No,No,No,No,No,No,No,No,Yes,No,No,No,No,No,Yes,No,No,No
MBAR239,"Mainboard ASROCK A320M-HDV R4.0 (AMD A320M, Socket AM4,,m-ATX, 2 khe RAM DDR4)",No,Yes,Yes,No,No,No,No,No,Yes,No,No,No,No,No,No,No,No,No,No,No,No,No,No,No,Yes,No,No,No,No,No,Yes,No,No,No,No,No,No,No,No,No,No,No,No,No,No,No,No,No,No,No,No,No,No,No,No,Yes,No,No,No,No,No,No,No,Yes,No,No,No,No
MBAS527,"Mainboard ASUS ROG STRIX X570-F GAMING (AMD X570 ,Socket AM4, ATX, 4 khe RAM DDR4)",No,Yes,No,Yes,No,No,No,No,No,No,No,Yes,No,No,No,No,No,No,No,No,No,No,No,No,Yes,No,No,No,No,No,No,Yes,No,No,No,No,No,No,No,No,No,No,No,No,No,No,No,No,No,No,No,No,No,No,No,No,No,No,No,No,Yes,No,No,No,Yes,No,No,No
MBGI510,"Mainboard GIGABYTE Z390 Aorus Master (Intel Z390, Socket 1151, ATX, 4 khe RAM DDR4)",Yes,No,No,No,Yes,No,No,No,No,No,No,No,Yes,No,No,No,No,Yes,No,No,No,No,No,No,No,No,No,No,No,No,No,Yes,No,No,No,No,No,No,No,No,No,No,No,Yes,No,No,No,No,No,No,No,No,No,No,No,No,No,No,No,No,No,No,No,No,Yes,No,No,No
MBAS547,"Mainboad ASUS PRIME X299 - A II (Intel X299, Socket 2066, ATX, 8 khe RAM DDR4)",Yes,No,No,Yes,No,No,No,No,No,No,No,Yes,No,No,No,No,No,No,No,No,No,Yes,No,No,No,No,No,No,No,No,No,Yes,No,No,No,No,No,No,No,No,No,No,No,No,No,No,No,No,No,Yes,No,No,No,No,No,No,No,No,No,No,No,No,No,No,No,Yes,No,No
MBGI535,"Mainboard GIGABYTE B365M-D3H (Intel B365, Socket 1151, m-ATX, 4 khe RAM DDR4)",Yes,No,No,No,Yes,No,No,No,No,Yes,No,No,No,No,No,No,No,Yes,No,No,No,No,No,No,No,No,No,No,No,No,Yes,No,No,No,No,No,No,No,No,No,Yes,No,No,No,No,No,No,No,No,No,No,No,No,No,No,No,No,No,No,No,No,No,No,No,Yes,No,No,No
MBAS569,"Mainboard ASUS TUF GAMING Z490-PLUS (Intel Z490, Socket 1200, ATX, 4 khe RAM DDR4)",Yes,No,No,Yes,No,No,No,No,No,No,No,Yes,No,No,No,No,No,No,Yes,No,No,No,No,No,No,No,No,No,No,No,No,Yes,No,No,No,No,No,No,No,No,No,No,No,No,Yes,No,No,No,No,No,No,No,No,No,No,No,No,No,No,No,No,No,No,No,Yes,No,No,No
MBMS375,"Mainboard MSI MAG Z490 TOMAHAWK (Intel Z490, Socket 1200, ATX, 4 khe RAM DDR4)",Yes,No,No,No,No,No,Yes,No,No,No,No,Yes,No,No,No,No,No,No,Yes,No,No,No,No,No,No,No,No,No,No,No,No,Yes,No,No,No,No,No,No,No,No,No,No,No,No,Yes,No,No,No,No,No,No,No,No,No,No,No,No,No,No,No,No,No,No,No,Yes,No,No,No
MBGI564,"Mainboard Gigabyte Z490 AORUS ULTRA (Intel Z490, Socket 1200, ATX, 4 khe RAM DDR4)",Yes,No,No,No,Yes,No,No,No,No,No,No,No,Yes,No,No,No,No,No,Yes,No,No,No,No,No,No,No,No,No,No,No,No,Yes,No,No,No,No,No,No,No,No,No,No,No,No,Yes,No,No,No,No,No,No,No,No,No,No,No,No,No,No,No,No,No,No,No,Yes,No,No,No
MBAR270,"Mainboard ASROCK B460M STEEL LEGEND (Intel B460, Socket 1200, m-ATX, 4 khe Ram DDR4)",Yes,No,Yes,No,No,No,No,No,No,Yes,No,No,No,No,No,No,No,No,Yes,No,No,No,No,No,No,No,No,No,No,No,No,Yes,No,No,No,No,No,No,No,No,No,Yes,No,No,No,No,No,No,No,No,No,No,No,No,No,No,No,No,No,No,No,No,No,No,Yes,No,No,No
MBMS396,Mainboard MSI B460M-A PRO,Yes,No,No,No,No,No,Yes,No,Yes,No,No,No,No,No,No,No,No,No,Yes,No,No,No,No,No,No,No,No,No,No,No,Yes,No,No,No,No,No,No,No,No,No,No,Yes,No,No,No,No,No,No,No,No,No,No,No,No,No,No,No,No,No,No,No,No,No,Yes,No,No,No,No
MBAS593,"Mainboard ASUS ROG STRIX B550-E GAMING (AMD B550, Socket AM4, ATX, 4 khe RAM DRR4)",No,Yes,No,Yes,No,No,No,No,No,No,No,Yes,No,No,No,No,No,No,No,No,No,No,No,No,Yes,No,No,No,No,No,No,Yes,No,No,No,No,No,No,No,No,No,No,No,No,No,No,No,No,No,No,No,No,No,No,No,No,No,No,Yes,No,No,No,No,No,Yes,No,No,No
MBMS399,"Mainboard MSI B550M PRO-DASH (AMD B550, Socket AM4, m-ATX, 4 khe RAM DRR4)",No,Yes,No,No,No,No,Yes,No,No,Yes,No,No,No,No,No,No,No,No,No,No,No,No,No,No,Yes,No,No,No,No,No,Yes,No,No,No,No,No,No,No,No,No,No,No,No,No,No,No,No,No,No,No,No,No,No,No,No,No,No,No,Yes,No,No,No,No,No,Yes,No,No,No
MBGI511,"Mainboard GIGABYTE Z390 Aorus Ultra (Intel Z390, Socket 1151, ATX, 4 khe RAM DDR4)",Yes,No,No,No,Yes,No,No,No,No,No,No,Yes,No,No,No,No,No,Yes,No,No,No,No,No,No,No,No,No,No,No,No,No,Yes,No,No,No,No,No,No,No,No,No,No,No,Yes,No,No,No,No,No,No,No,No,No,No,No,No,No,No,No,No,No,No,No,No,Yes,No,No,No
MBAS494,"Mainboard ASUS PRIME H310M-E R2.0 (Intel H310, Socket 1151, m-ATX, 2 khe RAM DDR4)",Yes,No,No,Yes,No,No,No,No,Yes,No,No,No,No,No,No,No,No,Yes,No,No,No,No,No,No,No,No,No,No,No,No,Yes,No,No,No,No,No,No,Yes,No,No,No,No,No,No,No,No,No,No,No,No,No,No,No,No,No,No,No,No,No,No,No,No,No,No,No,No,No,No
MBGI583,"Mainboard Gigabyte W480 VISION W (W480, socket 1200, ATX, 4 khe RAM DDR4)",Yes,No,No,No,Yes,No,No,No,No,No,No,Yes,No,No,No,No,No,No,Yes,No,No,No,No,No,No,No,No,No,No,No,No,Yes,No,No,No,No,No,No,No,No,No,No,No,No,No,No,No,No,No,No,No,No,No,No,No,No,No,No,No,No,No,No,No,No,Yes,No,No,No
MBMS378,"Mainboard MSI MPG Z490 GAMING EDGE WIFI (Intel Z490, Socket 1200, ATX, 4 khe RAM DDR4)",Yes,No,No,No,No,No,Yes,No,No,No,No,Yes,No,No,No,No,No,No,Yes,No,No,No,No,No,No,No,No,No,No,No,No,Yes,No,No,No,No,No,No,No,No,No,No,No,No,Yes,No,No,No,No,No,No,No,No,No,No,No,No,No,No,No,No,No,No,No,Yes,No,No,No
HHTL734,"Mainboard MSI Z490-A PRO( Intel Z490, Socket 1200, ATX, 4 khe RAM DDR4) (HÀNG THANH LÝ MỚI 95% - MBMS377)",Yes,No,No,No,No,No,Yes,No,No,No,Yes,No,No,No,No,No,No,No,Yes,No,No,No,No,No,No,No,No,No,No,No,No,Yes,No,No,No,No,No,No,No,No,No,No,No,No,Yes,No,No,No,No,No,No,No,No,No,No,No,No,No,No,No,No,No,No,No,Yes,No,No,No
MBAR278,"Mainboard ASROCK B550M PRO4 (AMD B550, Socket AM4, m-ATX, 4 khe RAM DDR4)",No,Yes,Yes,No,No,No,No,No,No,Yes,No,No,No,No,No,No,No,No,No,No,No,No,No,No,Yes,No,No,No,No,No,Yes,No,No,No,No,No,No,No,No,No,No,No,No,No,No,No,No,No,No,No,No,No,No,No,No,No,No,No,Yes,No,No,No,No,No,Yes,No,No,No
MBAR280,"Mainboard ASROCK B550 STEEL LEGEND (AMD B550, Socket AM4, ATX, 4 khe RAM DDR4)",No,Yes,Yes,No,No,No,No,No,No,No,Yes,No,No,No,No,No,No,No,No,No,No,No,No,No,Yes,No,No,No,No,No,No,Yes,No,No,No,No,No,No,No,No,No,No,No,No,No,No,No,No,No,No,No,No,No,No,No,No,No,No,Yes,No,No,No,No,No,Yes,No,No,No
MBAS544,Mainboard Asus WS X299 SAGE,Yes,No,No,Yes,No,No,No,No,No,No,No,No,No,No,No,Yes,No,No,No,No,No,Yes,No,No,No,No,No,No,No,No,No,No,No,No,No,Yes,No,No,No,No,No,No,No,No,No,No,No,No,Yes,No,No,No,No,No,No,No,No,No,No,No,No,No,No,No,No,Yes,No,No
MBGI582,"Mainboard Gigabyte W480M VISION W (W480, socket 1200, mATX, 4 khe RAM DDR4)",Yes,No,No,No,Yes,No,No,No,No,No,No,Yes,No,No,No,No,No,No,Yes,No,No,No,No,No,No,No,No,No,No,No,Yes,No,No,No,No,No,No,No,No,No,No,No,No,No,No,No,No,No,No,No,No,No,No,No,No,No,No,No,No,No,No,No,No,No,Yes,No,No,No
MBAS565,"Mainboard ASUS ROG STRIX Z490-G (WI-FI) GAMING (Intel Z490, Socket 1200, m-ATX, 4 khe RAM DDR4)",Yes,No,No,Yes,No,No,No,No,No,No,No,Yes,No,No,No,No,No,No,Yes,No,No,No,No,No,No,No,No,No,No,No,Yes,No,No,No,No,No,No,No,No,No,No,No,No,No,Yes,No,No,No,No,No,No,No,No,No,No,No,No,No,No,No,No,No,No,No,Yes,No,No,No
MBGI554,"Mainboard GIGABYTE Z490 AORUS MASTER (Intel Z490, Socket 1200, ATX, 4 khe RAM DDR4)",Yes,No,No,No,Yes,No,No,No,No,No,No,No,No,Yes,No,No,No,No,Yes,No,No,No,No,No,No,No,No,No,No,No,No,Yes,No,No,No,No,No,No,No,No,No,No,No,No,Yes,No,No,No,No,No,No,No,No,No,No,No,No,No,No,No,No,No,No,No,Yes,No,No,No
MBMS380,"Mainboard MSI MAG B460M MORTAR WIFI (Intel B460, Socket 1200, m-ATX, 4 khe RAM DDR4)",Yes,No,No,No,No,No,Yes,No,No,No,Yes,No,No,No,No,No,No,No,Yes,No,No,No,No,No,No,No,No,No,No,No,Yes,No,No,No,No,No,No,No,No,No,No,Yes,No,No,No,No,No,No,No,No,No,No,No,No,No,No,No,No,No,No,No,No,No,No,Yes,No,No,No
MBAS590,"Mainboard ASUS PRIME H410M-E (Intel H410, Socket 1200, m-ATX, 2 khe Ram DDR4)",Yes,No,No,Yes,No,No,No,No,No,No,No,No,No,No,No,No,No,No,Yes,No,No,No,No,No,No,No,No,No,No,No,Yes,No,No,No,No,No,No,No,Yes,No,No,No,No,No,No,No,No,No,No,No,No,No,No,No,No,No,No,No,No,No,No,No,No,Yes,No,No,No,No
MBAR233,"Mainboard ASROCK B365 Phantom Gaming 4 (Intel B365, Socket 1151, ATX, 4 khe RAM DDR4)",Yes,No,Yes,No,No,No,No,No,No,Yes,No,No,No,No,No,No,No,Yes,No,No,No,No,No,No,No,No,No,No,No,No,No,Yes,No,No,No,No,No,No,No,No,Yes,No,No,No,No,No,No,No,No,No,No,No,No,No,No,No,No,No,No,No,No,No,No,No,Yes,No,No,No
MBAS439,"Mainboard ASUS PRIME A320M-K (AMD A320, Socket AM4, ATX, 2 khe RAM DDR4)",No,Yes,No,Yes,No,No,No,No,No,No,No,No,No,No,No,No,No,No,No,No,No,No,No,No,Yes,No,No,No,No,No,Yes,No,No,No,No,No,No,No,No,No,No,No,No,No,No,No,No,No,No,No,No,No,No,No,No,Yes,No,No,No,No,No,No,No,Yes,No,No,No,No
MBAS468,"Mainboard ASUS PRIME H310M-D (Intel H310, Socket 1151, m-ATX, 2 khe RAM DDR4)",Yes,No,No,Yes,No,No,No,No,Yes,No,No,No,No,No,No,No,No,Yes,No,No,No,No,No,No,No,No,No,No,No,No,Yes,No,No,No,No,No,No,Yes,No,No,No,No,No,No,No,No,No,No,No,No,No,No,No,No,No,No,No,No,No,No,No,No,No,Yes,No,No,No,No
MBGI536,"Mainboard GIGABYTE B365M AORUS ELITE (Intel B365, Socket 1151, m-ATX, 4 khe RAM DDR4)",Yes,No,No,No,Yes,No,No,No,No,No,No,No,No,No,No,No,No,Yes,No,No,No,No,No,No,No,No,No,No,No,No,Yes,No,No,No,No,No,No,No,No,No,Yes,No,No,No,No,No,No,No,No,No,No,No,No,No,No,No,No,No,No,No,No,No,No,No,Yes,No,No,No
MBMS327,"Mainboard MSI B450M BAZOOKA PLUS (AMD B450, Socket AM4, m-ATX, 4 khe RAM DDR4) ",No,Yes,No,No,No,No,Yes,No,No,Yes,No,No,No,No,No,No,No,No,No,No,No,No,No,No,Yes,No,No,No,No,No,Yes,No,No,No,No,No,No,No,No,No,No,No,No,No,No,No,No,No,No,No,No,No,No,No,No,No,No,Yes,No,No,No,No,No,No,Yes,No,No,No
MBGI494,Mainboard Gigabyte B360M-D2V,Yes,No,No,No,Yes,No,No,No,Yes,No,No,No,No,No,No,No,No,No,No,No,No,No,No,No,No,No,No,No,No,No,No,No,No,No,No,No,No,No,No,No,No,No,No,No,No,No,No,No,No,No,No,No,No,No,No,No,No,No,No,No,No,No,No,No,No,No,No,No
MBAR281,"Mainboard ASROCK B450M STEEL LEGEND (Pink Edition)  (AMD B450, Socket AM4, ATX, 4 khe RAM DDR4)",No,No,Yes,No,No,No,No,No,No,Yes,No,No,No,No,No,No,No,No,No,No,No,No,No,No,Yes,No,No,No,No,No,Yes,No,No,No,No,No,No,No,No,No,No,No,No,No,No,No,No,No,No,No,No,No,No,No,No,No,No,Yes,No,No,No,No,No,No,Yes,No,No,No
MBGI562,"Mainboard GIGABYTE Z490 UD (Intel Z490, Socket 1200, ATX, 4 khe RAM DDR4)",Yes,No,No,No,Yes,No,No,No,No,No,Yes,No,No,No,No,No,No,No,Yes,No,No,No,No,No,No,No,No,No,No,No,No,Yes,No,No,No,No,No,No,No,No,No,No,No,No,Yes,No,No,No,No,No,No,No,No,No,No,No,No,No,No,No,No,No,No,No,Yes,No,No,No
MBAS583,"Mainboard ASUS TUF GAMING B460M-PLUS (WIFI) (Intel B460, Socket 1200, m-ATX, 4 khe Ram DDR4)",Yes,No,No,Yes,No,No,No,No,No,Yes,No,No,No,No,No,No,No,No,Yes,No,No,No,No,No,No,No,No,No,No,No,Yes,No,No,No,No,No,No,No,No,No,No,Yes,No,No,No,No,No,No,No,No,No,No,No,No,No,No,No,No,No,No,No,No,No,No,Yes,No,No,No
MBMS381,"Mainboard MSI MAG B460M MORTAR (Intel B460, Socket 1200, m-ATX, 4 khe RAM DDR4)",Yes,No,No,No,No,No,Yes,No,No,Yes,No,No,No,No,No,No,No,No,Yes,No,No,No,No,No,No,No,No,No,No,No,Yes,No,No,No,No,No,No,No,No,No,No,Yes,No,No,No,No,No,No,No,No,No,No,No,No,No,No,No,No,No,No,No,No,No,No,Yes,No,No,No
MBAS591,"Mainboard ASUS PRIME H410M-K (Intel H410, Socket 1200, m-ATX, 2 khe Ram DDR4)",Yes,No,No,Yes,No,No,No,No,No,No,No,No,No,No,No,No,No,No,Yes,No,No,No,No,No,No,No,No,No,No,No,Yes,No,No,No,No,No,No,No,Yes,No,No,No,No,No,No,No,No,No,No,No,No,No,No,No,No,No,No,No,No,No,No,No,No,Yes,No,No,No,No
MBMS386,"Mainboard MSI MAG B550 TOMAHAWK (AMD B550, Socket AM4, ATX, 4 khe RAM DDR4)",No,Yes,No,No,No,No,Yes,No,No,No,No,Yes,No,No,No,No,No,No,No,No,No,No,No,No,Yes,No,No,No,No,No,No,Yes,No,No,No,No,No,No,No,No,No,No,No,No,No,No,No,No,No,No,No,No,No,No,No,No,No,No,Yes,No,No,No,No,No,Yes,No,No,No
MBAR234,"Mainboard ASROCK B450M PRO 4-F (AMD B450M, Socket AM4, m-ATX, 4 khe RAM DDR4)",No,Yes,Yes,No,No,No,No,No,Yes,No,No,No,No,No,No,No,No,No,No,No,No,No,No,No,Yes,No,No,No,No,No,Yes,No,No,No,No,No,No,No,No,No,No,No,No,No,No,No,No,No,No,No,No,No,No,No,No,No,No,Yes,No,No,No,No,No,No,Yes,No,No,No
MBGI538,"Mainboard GIGABYTE X570 - UD (AMD X570, Socket AM4, ATX, 4 khe RAM DDR4) ",No,Yes,No,No,Yes,No,No,No,No,No,Yes,No,No,No,No,No,No,No,No,No,No,No,No,No,Yes,No,No,No,No,No,No,Yes,No,No,No,No,No,No,No,No,No,No,No,No,No,No,No,No,No,No,No,No,No,No,No,No,No,No,No,No,Yes,No,No,No,Yes,No,No,No
MBAS555,"Mainboard ASUS H310M PRIME H310M-CS R2.0 (Intel H310 , Socket 1151, m-ATX, 2 khe RAM DDR4)",No,No,No,Yes,No,No,No,No,Yes,No,No,No,No,No,No,No,No,Yes,No,No,No,No,No,No,No,No,No,No,No,No,Yes,No,No,No,No,No,No,Yes,No,No,No,No,No,No,No,No,No,No,No,No,No,No,No,No,No,No,No,No,No,No,No,No,No,Yes,No,No,No,No
MBSM002,Mainboard Supermicro MBD-X10DAL-I-O,Yes,No,No,No,No,No,No,Yes,No,No,No,No,Yes,No,No,No,No,No,No,No,No,No,No,No,No,No,No,No,No,No,No,Yes,No,No,No,No,No,No,No,No,No,No,No,No,No,No,No,No,No,No,No,No,No,No,No,No,No,No,No,No,No,No,No,No,No,Yes,No,No
MBAS584,"Mainboard ASUS TUF GAMING B460M-PLUS (Intel B460, Socket 1200, m-ATX, 4 khe Ram DDR4)",Yes,No,No,Yes,No,No,No,No,No,Yes,No,No,No,No,No,No,No,No,Yes,No,No,No,No,No,No,No,No,No,No,No,Yes,No,No,No,No,No,No,No,No,No,No,Yes,No,No,No,No,No,No,No,No,No,No,No,No,No,No,No,No,No,No,No,No,No,No,Yes,No,No,No
MBMS382,"Mainboard MSI MAG B460M BAZOOKA (Intel B460, Socket 1200, m-ATX, 4 khe RAM DDR4)",Yes,No,No,No,No,No,Yes,No,No,Yes,No,No,No,No,No,No,No,No,Yes,No,No,No,No,No,No,No,No,No,No,No,Yes,No,No,No,No,No,No,No,No,No,No,Yes,No,No,No,No,No,No,No,No,No,No,No,No,No,No,No,No,No,No,No,No,No,No,Yes,No,No,No
MBAR235,"Mainboard ASROCK B450M STEEL LEGEND (AMD B450, Socket AM4, m-ATX, 4 khe RAM DDR4)",No,No,Yes,No,No,No,No,No,No,Yes,No,No,No,No,No,No,No,No,No,No,No,No,No,No,Yes,No,No,No,No,No,Yes,No,No,No,No,No,No,No,No,No,No,No,No,No,No,No,No,No,No,No,No,No,No,No,No,No,No,Yes,No,No,No,No,No,No,Yes,No,No,No
MBMS332,"Mainboard MSI B450M GAMING PLUS (AMD B450, Socket AM4, m-ATX, 2 khe RAM DDR4) ",No,Yes,No,No,No,No,Yes,No,No,No,No,No,No,No,No,No,No,No,No,No,No,No,No,No,Yes,No,No,No,No,No,Yes,No,No,No,No,No,No,No,No,No,No,No,No,No,No,No,No,No,No,No,No,No,No,No,No,No,No,Yes,No,No,No,No,No,No,No,No,No,No
MBAS464,Mainboard ASUS WS C422 PRO/SE ,Yes,No,No,Yes,No,No,No,No,No,No,No,No,No,Yes,No,No,No,No,No,No,No,Yes,No,No,No,No,No,No,No,No,No,Yes,No,No,No,No,No,No,No,No,No,No,No,No,No,No,No,No,No,No,Yes,No,No,No,No,No,No,No,No,No,No,No,No,No,No,Yes,No,No
MBMS362,"Mainboard MSI B450 GAMMING PLUS MAX (AMD B450, Socket AM4, m-ATX, 4 khe RAM DDR4) ",No,Yes,No,No,No,No,Yes,No,No,Yes,No,No,No,No,No,No,No,No,No,No,No,No,No,No,Yes,No,No,No,No,No,Yes,No,No,No,No,No,No,No,No,No,No,No,No,No,No,No,No,No,No,No,No,No,No,No,No,No,No,Yes,No,No,No,No,No,No,Yes,No,No,No
MBAS561,"Mainboard ASUS ROG STRIX Z490-E GAMING (Intel Z490, Socket 1200, ATX, 4 khe RAM DDR4)",Yes,No,No,Yes,No,No,No,No,No,No,No,No,Yes,No,No,No,No,No,Yes,No,No,No,No,No,No,No,No,No,No,No,No,Yes,No,No,No,No,No,No,No,No,No,No,No,No,Yes,No,No,No,No,No,No,No,No,No,No,No,No,No,No,No,No,No,No,No,Yes,No,No,No
MBMS377,"Mainboard MSI Z490-A PRO (Intel Z490, Socket 1200, ATX, 4 khe RAM DDR4)",Yes,No,No,No,No,No,Yes,No,No,No,Yes,No,No,No,No,No,No,No,Yes,No,No,No,No,No,No,No,No,No,No,No,No,Yes,No,No,No,No,No,No,No,No,No,No,No,No,Yes,No,No,No,No,No,No,No,No,No,No,No,No,No,No,No,No,No,No,No,Yes,No,No,No
MBMS383,"Mainboard MSI B460M PRO-VDH WIFI (Intel B460, Socket 1200, m-ATX, 4 khe RAM DDR4)",Yes,No,No,No,No,No,Yes,No,No,Yes,No,No,No,No,No,No,No,No,Yes,No,No,No,No,No,No,No,No,No,No,No,Yes,No,No,No,No,No,No,No,No,No,No,Yes,No,No,No,No,No,No,No,No,No,No,No,No,No,No,No,No,No,No,No,No,No,Yes,No,No,No,No
MBGI572,"Mainboard Gigabyte H410M-S2H (Intel H410, Socket 1200, m-ATX, 2 khe Ram DDR4)",Yes,No,No,No,Yes,No,No,No,No,No,No,No,No,No,No,No,No,No,No,No,No,No,No,No,No,No,No,No,No,No,No,No,No,No,No,No,No,No,No,No,No,No,No,No,No,No,No,No,No,No,No,No,No,No,No,No,No,No,No,No,No,No,No,No,No,No,No,No
MBGI506,"Mainboard GIGABYTE B450 AORUS PRO (AMD B450, Socket AM4, ATX, 4 khe RAM DDR4) ",No,Yes,No,No,Yes,No,No,No,No,No,No,No,No,No,No,No,No,No,No,No,No,No,No,No,Yes,No,No,No,No,No,No,Yes,No,No,No,No,No,No,No,No,No,No,No,No,No,No,No,No,No,No,No,No,No,No,No,No,No,Yes,No,No,No,No,No,No,Yes,No,No,No
MBGI541,Mainboard Gigabyte C246M-WU4,No,No,No,No,Yes,No,No,No,No,No,Yes,No,No,No,No,No,No,Yes,No,No,No,No,No,No,No,No,No,No,No,No,Yes,No,No,No,No,No,No,No,No,No,No,No,No,No,No,Yes,No,No,No,No,No,No,No,No,No,No,No,No,No,No,No,No,No,No,Yes,No,No,No
MBMS337,"Mainboard MSI MAG Z390 TOMAHAWK  (Intel Z390, Socket 1151, ATX, 4 khe RAM DDR4)",Yes,No,No,No,No,No,Yes,No,No,No,Yes,No,No,No,No,No,No,Yes,No,No,No,No,No,No,No,No,No,No,No,No,No,Yes,No,No,No,No,No,No,No,No,No,No,No,Yes,No,No,No,No,No,No,No,No,No,No,No,No,No,No,No,No,No,No,No,No,Yes,No,No,No
MBMS361,"Mainboard MSI B450M MORTAR MAX (AMD B450, Socket AM4, m-ATX, 4 khe RAM DDR4) ",No,Yes,No,No,No,No,Yes,No,No,Yes,No,No,No,No,No,No,No,No,No,No,No,No,No,No,Yes,No,No,No,No,No,Yes,No,No,No,No,No,No,No,No,No,No,No,No,No,No,No,No,No,No,No,No,No,No,No,No,No,No,Yes,No,No,No,No,No,No,Yes,No,No,No
MBAS562,"Mainboard ASUS ROG STRIX Z490-F GAMING (Intel Z490, Socket 1200, ATX, 4 khe RAM DDR4)",Yes,No,No,Yes,No,No,No,No,No,No,No,Yes,No,No,No,No,No,No,Yes,No,No,No,No,No,No,No,No,No,No,No,No,Yes,No,No,No,No,No,No,No,No,No,No,No,No,Yes,No,No,No,No,No,No,No,No,No,No,No,No,No,No,No,No,No,No,No,Yes,No,No,No
MBMS372,"Mainboard MSI MPG Z490 GAMING CARBON WIFI (Intel Z490, Socket 1200, ATX, 4 khe RAM DDR4)",Yes,No,No,No,No,No,Yes,No,No,No,No,No,Yes,No,No,No,No,No,Yes,No,No,No,No,No,No,No,No,No,No,No,No,Yes,No,No,No,No,No,No,No,No,No,No,No,No,Yes,No,No,No,No,No,No,No,No,No,No,No,No,No,No,No,No,No,No,No,Yes,No,No,No
MBAS586,"Mainboard ASUS PRIME B460M-K (Intel B460, Socket 1200, m-ATX, 2 khe Ram DDR4)",Yes,No,No,Yes,No,No,No,No,Yes,No,No,No,No,No,No,No,No,No,Yes,No,No,No,No,No,No,No,No,No,No,No,Yes,No,No,No,No,No,No,No,No,No,No,Yes,No,No,No,No,No,No,No,No,No,No,No,No,No,No,No,No,No,No,No,No,No,Yes,No,No,No,No
MBMS384,"Mainboard MSI B460M PRO (Intel B460, Socket 1200, m-ATX, 2 khe RAM DDR4)",Yes,No,No,No,No,No,Yes,No,No,Yes,No,No,No,No,No,No,No,No,Yes,No,No,No,No,No,No,No,No,No,No,No,No,Yes,No,No,No,No,No,No,No,No,No,Yes,No,No,No,No,No,No,No,No,No,No,No,No,No,No,No,No,No,No,No,No,No,No,Yes,No,No,No
MBAR274,"Mainboard ASROCK B550 TAICHI (AMD B550, Socket AM4, ATX, 4 khe RAM DDR4)",No,Yes,Yes,No,No,No,No,No,No,No,No,No,Yes,No,No,No,No,No,No,No,No,No,No,No,Yes,No,No,No,No,No,Yes,No,No,No,No,No,No,No,No,No,No,No,No,No,No,No,No,No,No,No,No,No,No,No,No,No,No,No,Yes,No,No,No,No,No,Yes,No,No,No
MBGI584,"Mainboard Gigabyte B550I AORUS PRO AX (AMD B550, Socket AM4, Mini-ITX, 2 khe RAM DRR4)",No,Yes,No,No,Yes,No,No,No,No,No,Yes,No,No,No,No,No,No,No,No,No,No,No,No,No,Yes,No,No,No,Yes,No,No,No,No,No,No,No,No,No,No,No,No,No,No,No,No,No,No,No,No,No,No,No,No,No,No,No,No,No,Yes,No,No,No,No,Yes,No,No,No,No
MBAR237,"Mainboard ASROCK X570 Steel Legend (AMD X570, Socket AM4, ATX, 4 khe RAM DDR4)",No,No,No,No,No,No,No,No,No,No,No,Yes,No,No,No,No,No,No,No,No,No,No,No,No,No,No,No,No,No,No,No,No,No,No,No,No,No,No,No,No,No,No,No,No,No,No,No,No,No,No,No,No,No,No,No,No,No,No,No,No,Yes,No,No,No,Yes,No,No,No
MBMS338,"Mainboard MSI MPG Z390 GAMING PLUS (Intel Z390, Socket 1151, ATX, 4 khe RAM DDR4)",No,No,No,No,No,No,No,No,No,No,No,No,No,No,No,No,No,Yes,No,No,No,No,No,No,No,No,No,No,No,No,No,Yes,No,No,No,No,No,No,No,No,No,No,No,Yes,No,No,No,No,No,No,No,No,No,No,No,No,No,No,No,No,No,No,No,No,Yes,No,No,No
MBGI519,"Mainboard GIGABYTE Z390 Aorus Xtreme (Intel Z390, Socket 1151, ATX, 4 khe RAM DDR4)",Yes,No,No,No,Yes,No,No,No,No,No,No,No,No,No,Yes,No,No,Yes,No,No,No,No,No,No,No,No,No,No,No,No,No,No,Yes,No,No,No,No,No,No,No,No,No,No,Yes,No,No,No,No,No,No,No,No,No,No,No,No,No,No,No,No,No,No,No,No,Yes,No,No,No
MBAR231,"Mainboard ASROCK B365 - Pro4 (Intel B365, Socket 1151, m-ATX, 4 khe RAM DDR4)",Yes,No,No,No,No,No,No,No,No,No,No,No,No,No,No,No,No,Yes,No,No,No,No,No,No,No,No,No,No,No,No,No,Yes,No,No,No,No,No,No,No,No,Yes,No,No,No,No,No,No,No,No,No,No,No,No,No,No,No,No,No,No,No,No,No,No,No,Yes,No,No,No
MBAS430,"Mainboad ASUS STRIX B350F GAMING (AMD B350F, Socket AM4, ATX, 4 khe RAM DDR4)",No,Yes,No,Yes,No,No,No,No,No,No,No,No,No,No,No,No,No,No,No,No,No,No,No,No,Yes,No,No,No,No,No,No,No,No,No,No,No,No,No,No,No,No,No,No,No,No,No,No,No,No,No,No,No,No,No,No,No,Yes,No,No,No,No,No,No,No,Yes,No,No,No
MBGI476,"Mainboard GIGABYTE A320M-DS2 (AMD A320, Socket AM4, m-ATX, 2 khe RAM DDR4) ",No,Yes,No,No,Yes,No,No,No,No,No,No,No,No,No,No,No,No,No,No,No,No,No,No,No,Yes,No,No,No,No,No,Yes,No,No,No,No,No,No,No,No,No,No,No,No,No,No,No,No,No,No,No,No,No,No,No,No,Yes,No,No,No,No,No,No,No,No,No,No,No,No
MBAS519,"Mainboard ASUS ROG STRIX Z390-I GAMING (Intel Z390, Socket 1151, Mini ATX, 2 khe RAM DDR4)",Yes,No,No,Yes,No,No,No,No,No,No,No,Yes,No,No,No,No,No,Yes,No,No,No,No,No,No,No,No,No,No,Yes,No,No,No,No,No,No,No,No,No,No,No,No,No,No,Yes,No,No,No,No,No,No,No,No,No,No,No,No,No,No,No,No,No,No,No,No,No,No,No,No
MBAS458,Mainboard ASUS MAXIMUS X HERO WIFI,No,No,No,Yes,No,No,No,No,No,No,No,No,Yes,No,No,No,No,Yes,No,No,No,No,No,No,No,No,No,No,No,No,No,Yes,No,No,No,No,No,No,No,No,No,No,Yes,No,No,No,No,No,No,No,No,No,No,No,No,No,No,No,No,No,No,No,No,No,Yes,No,No,No
MBAS506,Mainboard ASUS WS Z390 PRO,Yes,No,No,Yes,No,No,No,No,No,No,No,No,No,Yes,No,No,No,Yes,No,No,No,No,No,No,No,No,No,No,No,No,No,Yes,No,No,No,No,No,No,No,No,No,No,No,Yes,No,No,No,No,No,No,No,No,No,No,No,No,No,No,No,No,No,No,No,No,Yes,No,No,No
MBMS366,"Mainboard MSI A320M-A PRO MAX (AMD A320, Socket AM4, m-ATX, 2 khe RAM DDR4) ",No,Yes,No,No,No,No,No,No,No,No,No,No,No,No,No,No,No,No,No,No,No,No,No,No,No,No,No,No,No,No,Yes,No,No,No,No,No,No,No,No,No,No,No,No,No,No,No,No,No,No,No,No,No,No,No,No,Yes,No,No,No,No,No,No,No,No,No,No,No,No
MBMS333,"Mainboard MSI MEG Z390 GODLIKE (Intel Z390, Socket 1151, E-ATX, 4 khe RAM DDR4)",Yes,No,No,No,No,No,Yes,No,No,No,No,No,No,No,Yes,No,No,No,No,No,No,No,No,No,No,No,No,No,No,No,No,No,Yes,No,No,No,No,No,No,No,No,No,No,Yes,No,No,No,No,No,No,No,No,No,No,No,No,No,No,No,No,No,No,No,No,Yes,No,No,No
MBAS574,"Mainboard ASUS ROG STRIX B450-I GAMING (AMD B450, Socket AM4, Mini-ITX, 2 khe Ram DDR4)",No,Yes,No,No,No,No,No,No,No,No,No,No,No,No,No,No,No,No,No,No,No,No,No,No,No,No,No,No,Yes,No,No,No,No,No,No,No,No,No,No,No,No,No,No,No,No,No,No,No,No,No,No,No,No,No,No,No,No,No,No,No,No,No,No,No,No,No,No,No
MBAS570,"Mainboard ASUS PRIME Z490-A (Intel Z490, Socket 1200, ATX, 4 khe RAM DDR4)",Yes,No,No,No,No,No,No,No,No,No,No,Yes,No,No,No,No,No,No,No,No,No,No,No,No,No,No,No,No,No,No,No,No,No,No,No,No,No,No,No,No,No,No,No,No,No,No,No,No,No,No,No,No,No,No,No,No,No,No,No,No,No,No,No,No,Yes,No,No,No
MBGI560,"Mainboard GIGABYTE Z490 VISION G (Intel Z490, Socket 1200, ATX, 4 khe RAM DDR4)",Yes,No,No,No,Yes,No,No,No,No,No,No,No,No,No,No,No,No,No,Yes,No,No,No,No,No,No,No,No,No,No,No,No,No,No,No,No,No,No,No,No,No,No,No,No,No,No,No,No,No,No,No,No,No,No,No,No,No,No,No,No,No,No,No,No,No,Yes,No,No,No
MBAS436,Mainboad ASUS PRIME X299 - A,Yes,No,No,Yes,No,No,No,No,No,No,No,No,No,No,No,No,No,No,No,No,No,Yes,No,No,No,No,No,No,No,No,No,Yes,No,No,No,No,No,No,No,No,No,No,No,No,No,No,No,No,No,Yes,No,No,No,No,No,No,No,No,No,No,No,No,No,No,No,Yes,No,No
MBGI532,"Mainboard GIGABYTE X570 AORUS ELITE (AMD X570, Socket AM4, ATX, 4 khe RAM DDR4) ",No,Yes,No,No,Yes,No,No,No,No,No,No,Yes,No,No,No,No,No,No,No,No,No,No,No,No,Yes,No,No,No,No,No,No,No,No,No,No,No,No,No,No,No,No,No,No,No,No,No,No,No,No,No,No,No,No,No,No,No,No,No,No,No,Yes,No,No,No,Yes,No,No,No
MBAS459,Mainboard ASUS MAXIMUS X CODE,Yes,No,No,Yes,No,No,No,No,No,No,No,No,No,Yes,No,No,No,Yes,No,No,No,No,No,No,No,No,No,No,No,No,No,Yes,No,No,No,No,No,No,No,No,No,No,Yes,No,No,No,No,No,No,No,No,No,No,No,No,No,No,No,No,No,No,No,No,No,Yes,No,No,No
MBAS507,Mainboard Asus ROG ZENITH EXTREME (AMD X399),No,Yes,No,Yes,No,No,No,No,No,No,No,No,No,No,Yes,No,No,No,No,No,No,No,No,No,No,Yes,No,No,No,No,No,No,Yes,No,No,No,No,No,No,No,No,No,No,No,No,No,No,No,No,No,No,No,No,No,No,No,No,No,No,No,No,Yes,No,No,No,Yes,No,No
MBMS365,"Mainboard MSI B450M-A PRO MAX (AMD B450, Socket AM4, m-ATX, 2 khe RAM DDR4) ",No,Yes,No,No,No,No,No,No,No,No,No,No,No,No,No,No,No,No,No,No,No,No,No,No,Yes,No,No,No,No,No,Yes,No,No,No,No,No,No,No,No,No,No,No,No,No,No,No,No,No,No,No,No,No,No,No,No,No,No,Yes,No,No,No,No,No,No,No,No,No,No
MBMS329,"Mainboard MSI H310M PRO - VHL (Intel H310, Socket 1151, m-ATX, 2 khe RAM DDR4)",No,No,No,No,No,No,Yes,No,No,No,No,No,No,No,No,No,No,Yes,No,No,No,No,No,No,No,No,No,No,No,No,Yes,No,No,No,No,No,No,Yes,No,No,No,No,No,No,No,No,No,No,No,No,No,No,No,No,No,No,No,No,No,No,No,No,No,No,No,No,No,No
MBGI515,Mainboard Gigabyte X399 Aorus Gaming 7,No,Yes,No,No,Yes,No,No,No,No,No,No,No,No,Yes,No,No,No,No,No,No,No,No,No,No,No,Yes,No,No,No,No,No,Yes,No,No,No,No,No,No,No,No,No,No,No,No,No,No,No,No,No,No,No,No,No,No,No,No,No,No,No,No,No,Yes,No,No,No,Yes,No,No
MBAR244,"Mainboard ASROCK Z390 Steel Legend (Intel Z390, Socket 1151, ATX, 4 khe RAM DDR4)",No,No,No,No,No,No,No,No,No,No,No,No,No,No,No,No,No,Yes,No,No,No,No,No,No,No,No,No,No,No,No,No,No,No,No,No,No,No,No,No,No,No,No,No,Yes,No,No,No,No,No,No,No,No,No,No,No,No,No,No,No,No,No,No,No,No,Yes,No,No,No
MBMS389,Mainboard MSI MPG B550 GAMING CARBON WIFI (AMD B550 Socket AM4 ATX 4 khe RAM DDR4),No,Yes,No,No,No,No,No,No,No,No,No,Yes,No,No,No,No,No,No,No,No,No,No,No,No,No,No,No,No,No,No,No,No,No,No,No,No,No,No,No,No,No,No,No,No,No,No,No,No,No,No,No,No,No,No,No,No,No,No,No,No,No,No,No,No,No,No,No,No
MBGI587,"Mainboard Gigabyte A520M AORUS ELITE (AMD A520, Socket 1200, m-ATX, 4 khe RAM DDR4)",No,Yes,No,No,No,No,No,No,No,No,No,No,No,No,No,No,No,No,No,No,No,No,No,No,No,No,No,No,No,No,No,No,No,No,No,No,No,No,No,No,No,No,No,No,No,No,No,No,No,No,No,No,No,No,No,No,No,No,No,No,No,No,No,No,No,No,No,No
MBAS460,Mainboard ASUS MAXIMUS X FORMULA,Yes,No,No,Yes,No,No,No,No,No,No,No,No,No,Yes,No,No,No,Yes,No,No,No,No,No,No,No,No,No,No,No,No,No,Yes,No,No,No,No,No,No,No,No,No,No,Yes,No,No,No,No,No,No,No,No,No,No,No,No,No,No,No,No,No,No,No,No,No,Yes,No,No,No
MBAS510,Mainboard Asus P11C-M/4L,No,No,No,Yes,No,No,No,No,No,No,No,Yes,No,No,No,No,Yes,No,No,No,No,No,No,No,No,No,No,No,No,Yes,No,No,No,No,No,No,No,No,No,No,No,No,No,No,No,No,No,Yes,No,No,No,No,No,No,No,No,No,No,No,No,No,No,No,No,Yes,No,No,No
MBMS364,"Mainboard MSI B450M PRO-M2 MAX (AMD B450, Socket AM4, m-ATX, 2 khe RAM DDR4) ",No,Yes,No,No,No,No,No,No,No,No,No,No,No,No,No,No,No,No,No,No,No,No,No,No,No,No,No,No,No,No,Yes,No,No,No,No,No,No,No,No,No,No,No,No,No,No,No,No,No,No,No,No,No,No,No,No,No,No,Yes,No,No,No,No,No,No,Yes,No,No,No
MBMS319,Mainboard MSI B360M BAZOOKA,No,No,No,No,No,No,Yes,No,No,No,No,No,No,No,No,No,No,Yes,No,No,No,No,No,No,No,No,No,No,No,No,Yes,No,No,No,No,No,No,No,No,Yes,No,No,No,No,No,No,No,No,No,No,No,No,No,No,No,No,No,No,No,No,No,No,No,No,Yes,No,No,No
MBGI514,Mainboard Gigabyte X399 Designare EX,No,Yes,No,No,Yes,No,No,No,No,No,No,No,No,No,Yes,No,No,No,No,No,No,No,No,No,No,Yes,No,No,No,No,No,Yes,No,No,No,No,No,No,No,No,No,No,No,No,No,No,No,No,No,No,No,No,No,No,No,No,No,No,No,No,No,Yes,No,No,No,Yes,No,No
MBAS445,"Mainboard ASUS H110M- CS (T) (Intel H110, Socket 1151, m-ATX, 2 khe RAM DD4)",Yes,No,No,Yes,No,No,No,No,No,No,No,No,No,No,No,No,No,No,No,No,No,No,No,No,No,No,No,No,No,No,Yes,No,No,No,No,No,No,No,No,No,No,No,No,No,No,No,No,No,No,No,No,No,No,No,No,No,No,No,No,No,No,No,No,No,No,No,No,No
MBAS572,"Mainboard ASUS PRIME Z490M-PLUS (Intel Z490, Socket 1200, m-ATX, 4 khe RAM DDR4)",Yes,No,No,No,No,No,No,No,No,No,No,No,No,No,No,No,No,No,No,No,No,No,No,No,No,No,No,No,No,No,Yes,No,No,No,No,No,No,No,No,No,No,No,No,No,No,No,No,No,No,No,No,No,No,No,No,No,No,No,No,No,No,No,No,No,Yes,No,No,No
MBAR254,"Mainboard ASROCK Z490 PHANTOM GAMING 4/2.5G (Intel Z490, Socket 1200, ATX, 4 khe Ram DDR4)",Yes,No,No,No,No,No,No,No,No,No,No,No,No,No,No,No,No,No,No,No,No,No,No,No,No,No,No,No,No,No,No,No,No,No,No,No,No,No,No,No,No,No,No,No,Yes,No,No,No,No,No,No,No,No,No,No,No,No,No,No,No,No,No,No,No,No,No,No,No
MBMS391,Mainboard MSI MPG B550I GAMING EDGE WIFI (AMD B550 Socket AM4 Mini-ATX 2 khe RAM DDR4),No,Yes,No,No,No,No,No,No,No,No,No,Yes,No,No,No,No,No,No,No,No,No,No,No,No,No,No,No,No,No,No,No,No,No,No,No,No,No,No,No,No,No,No,No,No,No,No,No,No,No,No,No,No,No,No,No,No,No,No,No,No,No,No,No,No,No,No,No,No
MBGI588,"Mainboard Gigabyte A520 AORUS ELITE (AMD A520, Socket 1200, ATX, 4 khe RAM DDR4)",No,Yes,No,No,No,No,No,No,No,No,No,No,No,No,No,No,No,No,No,No,No,No,No,No,No,No,No,No,No,No,No,No,No,No,No,No,No,No,No,No,No,No,No,No,No,No,No,No,No,No,No,No,No,No,No,No,No,No,No,No,No,No,No,No,No,No,No,No
MBAS449,Mainboard ASUS Z370 ROG MAXIMUS X HERO,No,No,No,Yes,No,No,No,No,No,No,No,No,Yes,No,No,No,No,Yes,No,No,No,No,No,No,No,No,No,No,No,No,No,Yes,No,No,No,No,No,No,No,No,No,No,Yes,No,No,No,No,No,No,No,No,No,No,No,No,No,No,No,No,No,No,No,No,No,Yes,No,No,No
MBAS463,Mainboard ASUS WS C621E SAGE (Dual CPU Workstations) ,Yes,No,No,Yes,No,No,No,No,No,No,No,No,No,No,No,Yes,No,No,No,No,No,No,No,Yes,No,No,No,No,No,No,No,No,No,Yes,No,No,No,No,No,No,No,No,No,No,No,No,No,No,No,No,No,No,No,Yes,No,No,No,No,No,No,No,No,No,No,No,No,Yes,No
MBGI496,Mainboard Gigabyte B360 Aorus Gaming 3,Yes,No,No,No,Yes,No,No,No,No,No,No,No,No,No,No,No,No,Yes,No,No,No,No,No,No,No,No,No,No,No,No,No,Yes,No,No,No,No,No,No,No,Yes,No,No,No,No,No,No,No,No,No,No,No,No,No,No,No,No,No,No,No,No,No,No,No,No,Yes,No,No,No
MBMS315,Mainboard MSI B360M MORTAR,No,No,No,No,No,No,Yes,No,No,No,No,No,No,No,No,No,No,Yes,No,No,No,No,No,No,No,No,No,No,No,No,Yes,No,No,No,No,No,No,No,No,Yes,No,No,No,No,No,No,No,No,No,No,No,No,No,No,No,No,No,No,No,No,No,No,No,No,Yes,No,No,No
MBGI513,Mainboard Gigabyte X399 Aorus Xtreme,No,Yes,No,No,Yes,No,No,No,No,No,No,No,No,Yes,No,No,No,No,No,No,No,No,No,No,No,Yes,No,No,No,No,No,No,Yes,No,No,No,No,No,No,No,No,No,No,No,No,No,No,No,No,No,No,No,No,No,No,No,No,No,No,No,No,Yes,No,No,No,Yes,No,No
MBAS611,"Mainboard ASUS ROG STIX TRX40-XE GAMING (AMD TRX40, Socket sTRX4, ATX, 8 khe RAM DDR4)",No,Yes,No,No,No,No,No,No,No,No,No,No,No,No,Yes,No,No,No,No,No,No,No,No,No,No,No,No,No,No,No,No,No,Yes,No,No,No,No,No,No,No,No,No,No,No,No,No,No,No,No,No,No,No,No,No,No,No,No,No,No,No,No,No,No,No,No,Yes,No,No
MBMS370,"Mainboard MSI MEG Z490 ACE (Intel Z490, Socket 1200, ATX, 4 khe RAM DDR4)",Yes,No,No,No,No,No,No,No,No,No,No,No,No,Yes,No,No,No,No,Yes,No,No,No,No,No,No,No,No,No,No,No,No,No,No,No,No,No,No,No,No,No,No,No,No,No,No,No,No,No,No,No,No,No,No,No,No,No,No,No,No,No,No,No,No,No,Yes,No,No,No
MBAR255,"Mainboard ASROCK Z490 PHANTOM GAMING 4/ac (Intel Z490, Socket 1200, ATX, 4 khe Ram DDR4)",Yes,No,Yes,No,No,No,No,No,No,No,No,No,No,No,No,No,No,No,Yes,No,No,No,No,No,No,No,No,No,No,No,No,No,No,No,No,No,No,No,No,No,No,No,No,No,Yes,No,No,No,No,No,No,No,No,No,No,No,No,No,No,No,No,No,No,No,No,No,No,No
MBMS333,"Mainboard MSI MEG Z390 GODLIKE (Intel Z390, Socket 1151, E-ATX, 4 khe RAM DDR4)",Yes,No,No,No,No,No,Yes,No,No,No,No,No,No,No,Yes,No,No,No,No,No,No,No,No,No,No,No,No,No,No,No,No,No,Yes,No,No,No,No,No,No,No,No,No,No,Yes,No,No,No,No,No,No,No,No,No,No,No,No,No,No,No,No,No,No,No,No,Yes,No,No,No
MBAS574,"Mainboard ASUS ROG STRIX B450-I GAMING (AMD B450, Socket AM4, Mini-ITX, 2 khe Ram DDR4)",No,Yes,No,No,No,No,No,No,No,No,No,No,No,No,No,No,No,No,No,No,No,No,No,No,No,No,No,No,Yes,No,No,No,No,No,No,No,No,No,No,No,No,No,No,No,No,No,No,No,No,No,No,No,No,No,No,No,No,No,No,No,No,No,No,No,No,No,No,No
MBAS570,"Mainboard ASUS PRIME Z490-A (Intel Z490, Socket 1200, ATX, 4 khe RAM DDR4)",Yes,No,No,No,No,No,No,No,No,No,No,Yes,No,No,No,No,No,No,No,No,No,No,No,No,No,No,No,No,No,No,No,No,No,No,No,No,No,No,No,No,No,No,No,No,No,No,No,No,No,No,No,No,No,No,No,No,No,No,No,No,No,No,No,No,Yes,No,No,No
MBGI560,"Mainboard GIGABYTE Z490 VISION G (Intel Z490, Socket 1200, ATX, 4 khe RAM DDR4)",Yes,No,No,No,Yes,No,No,No,No,No,No,No,No,No,No,No,No,No,Yes,No,No,No,No,No,No,No,No,No,No,No,No,No,No,No,No,No,No,No,No,No,No,No,No,No,No,No,No,No,No,No,No,No,No,No,No,No,No,No,No,No,No,No,No,No,Yes,No,No,No
MBAS436,Mainboad ASUS PRIME X299 - A,Yes,No,No,Yes,No,No,No,No,No,No,No,No,No,No,No,No,No,No,No,No,No,Yes,No,No,No,No,No,No,No,No,No,Yes,No,No,No,No,No,No,No,No,No,No,No,No,No,No,No,No,No,Yes,No,No,No,No,No,No,No,No,No,No,No,No,No,No,No,Yes,No,No
MBGI532,"Mainboard GIGABYTE X570 AORUS ELITE (AMD X570, Socket AM4, ATX, 4 khe RAM DDR4) ",No,Yes,No,No,Yes,No,No,No,No,No,No,Yes,No,No,No,No,No,No,No,No,No,No,No,No,Yes,No,No,No,No,No,No,No,No,No,No,No,No,No,No,No,No,No,No,No,No,No,No,No,No,No,No,No,No,No,No,No,No,No,No,No,Yes,No,No,No,Yes,No,No,No
MBAS459,Mainboard ASUS MAXIMUS X CODE,Yes,No,No,Yes,No,No,No,No,No,No,No,No,No,Yes,No,No,No,Yes,No,No,No,No,No,No,No,No,No,No,No,No,No,Yes,No,No,No,No,No,No,No,No,No,No,Yes,No,No,No,No,No,No,No,No,No,No,No,No,No,No,No,No,No,No,No,No,No,Yes,No,No,No
MBAS507,Mainboard Asus ROG ZENITH EXTREME (AMD X399),No,Yes,No,Yes,No,No,No,No,No,No,No,No,No,No,Yes,No,No,No,No,No,No,No,No,No,No,Yes,No,No,No,No,No,No,Yes,No,No,No,No,No,No,No,No,No,No,No,No,No,No,No,No,No,No,No,No,No,No,No,No,No,No,No,No,Yes,No,No,No,Yes,No,No
MBMS365,"Mainboard MSI B450M-A PRO MAX (AMD B450, Socket AM4, m-ATX, 2 khe RAM DDR4) ",No,Yes,No,No,No,No,No,No,No,No,No,No,No,No,No,No,No,No,No,No,No,No,No,No,Yes,No,No,No,No,No,Yes,No,No,No,No,No,No,No,No,No,No,No,No,No,No,No,No,No,No,No,No,No,No,No,No,No,No,Yes,No,No,No,No,No,No,No,No,No,No
MBMS329,"Mainboard MSI H310M PRO - VHL (Intel H310, Socket 1151, m-ATX, 2 khe RAM DDR4)",No,No,No,No,No,No,Yes,No,No,No,No,No,No,No,No,No,No,Yes,No,No,No,No,No,No,No,No,No,No,No,No,Yes,No,No,No,No,No,No,Yes,No,No,No,No,No,No,No,No,No,No,No,No,No,No,No,No,No,No,No,No,No,No,No,No,No,No,No,No,No,No
MBGI515,Mainboard Gigabyte X399 Aorus Gaming 7,No,Yes,No,No,Yes,No,No,No,No,No,No,No,No,Yes,No,No,No,No,No,No,No,No,No,No,No,Yes,No,No,No,No,No,Yes,No,No,No,No,No,No,No,No,No,No,No,No,No,No,No,No,No,No,No,No,No,No,No,No,No,No,No,No,No,Yes,No,No,No,Yes,No,No
MBAR244,"Mainboard ASROCK Z390 Steel Legend (Intel Z390, Socket 1151, ATX, 4 khe RAM DDR4)",No,No,No,No,No,No,No,No,No,No,No,No,No,No,No,No,No,Yes,No,No,No,No,No,No,No,No,No,No,No,No,No,No,No,No,No,No,No,No,No,No,No,No,No,Yes,No,No,No,No,No,No,No,No,No,No,No,No,No,No,No,No,No,No,No,No,Yes,No,No,No
MBMS389,Mainboard MSI MPG B550 GAMING CARBON WIFI (AMD B550 Socket AM4 ATX 4 khe RAM DDR4),No,Yes,No,No,No,No,No,No,No,No,No,Yes,No,No,No,No,No,No,No,No,No,No,No,No,No,No,No,No,No,No,No,No,No,No,No,No,No,No,No,No,No,No,No,No,No,No,No,No,No,No,No,No,No,No,No,No,No,No,No,No,No,No,No,No,No,No,No,No
MBGI587,"Mainboard Gigabyte A520M AORUS ELITE (AMD A520, Socket 1200, m-ATX, 4 khe RAM DDR4)",No,Yes,No,No,No,No,No,No,No,No,No,No,No,No,No,No,No,No,No,No,No,No,No,No,No,No,No,No,No,No,No,No,No,No,No,No,No,No,No,No,No,No,No,No,No,No,No,No,No,No,No,No,No,No,No,No,No,No,No,No,No,No,No,No,No,No,No,No
MBAS460,Mainboard ASUS MAXIMUS X FORMULA,Yes,No,No,Yes,No,No,No,No,No,No,No,No,No,Yes,No,No,No,Yes,No,No,No,No,No,No,No,No,No,No,No,No,No,Yes,No,No,No,No,No,No,No,No,No,No,Yes,No,No,No,No,No,No,No,No,No,No,No,No,No,No,No,No,No,No,No,No,No,Yes,No,No,No
MBAS510,Mainboard Asus P11C-M/4L,No,No,No,Yes,No,No,No,No,No,No,No,Yes,No,No,No,No,Yes,No,No,No,No,No,No,No,No,No,No,No,No,Yes,No,No,No,No,No,No,No,No,No,No,No,No,No,No,No,No,No,Yes,No,No,No,No,No,No,No,No,No,No,No,No,No,No,No,No,Yes,No,No,No
MBMS364,"Mainboard MSI B450M PRO-M2 MAX (AMD B450, Socket AM4, m-ATX, 2 khe RAM DDR4) ",No,Yes,No,No,No,No,No,No,No,No,No,No,No,No,No,No,No,No,No,No,No,No,No,No,No,No,No,No,No,No,Yes,No,No,No,No,No,No,No,No,No,No,No,No,No,No,No,No,No,No,No,No,No,No,No,No,No,No,Yes,No,No,No,No,No,No,Yes,No,No,No
MBMS319,Mainboard MSI B360M BAZOOKA,No,No,No,No,No,No,Yes,No,No,No,No,No,No,No,No,No,No,Yes,No,No,No,No,No,No,No,No,No,No,No,No,Yes,No,No,No,No,No,No,No,No,Yes,No,No,No,No,No,No,No,No,No,No,No,No,No,No,No,No,No,No,No,No,No,No,No,No,Yes,No,No,No
MBGI514,Mainboard Gigabyte X399 Designare EX,No,Yes,No,No,Yes,No,No,No,No,No,No,No,No,No,Yes,No,No,No,No,No,No,No,No,No,No,Yes,No,No,No,No,No,Yes,No,No,No,No,No,No,No,No,No,No,No,No,No,No,No,No,No,No,No,No,No,No,No,No,No,No,No,No,No,Yes,No,No,No,Yes,No,No
MBAS445,"Mainboard ASUS H110M- CS (T) (Intel H110, Socket 1151, m-ATX, 2 khe RAM DD4)",Yes,No,No,Yes,No,No,No,No,No,No,No,No,No,No,No,No,No,No,No,No,No,No,No,No,No,No,No,No,No,No,Yes,No,No,No,No,No,No,No,No,No,No,No,No,No,No,No,No,No,No,No,No,No,No,No,No,No,No,No,No,No,No,No,No,No,No,No,No,No
MBAS572,"Mainboard ASUS PRIME Z490M-PLUS (Intel Z490, Socket 1200, m-ATX, 4 khe RAM DDR4)",Yes,No,No,No,No,No,No,No,No,No,No,No,No,No,No,No,No,No,No,No,No,No,No,No,No,No,No,No,No,No,Yes,No,No,No,No,No,No,No,No,No,No,No,No,No,No,No,No,No,No,No,No,No,No,No,No,No,No,No,No,No,No,No,No,No,Yes,No,No,No
MBAR254,"Mainboard ASROCK Z490 PHANTOM GAMING 4/2.5G (Intel Z490, Socket 1200, ATX, 4 khe Ram DDR4)",Yes,No,No,No,No,No,No,No,No,No,No,No,No,No,No,No,No,No,No,No,No,No,No,No,No,No,No,No,No,No,No,No,No,No,No,No,No,No,No,No,No,No,No,No,Yes,No,No,No,No,No,No,No,No,No,No,No,No,No,No,No,No,No,No,No,No,No,No,No
MBMS391,Mainboard MSI MPG B550I GAMING EDGE WIFI (AMD B550 Socket AM4 Mini-ATX 2 khe RAM DDR4),No,Yes,No,No,No,No,No,No,No,No,No,Yes,No,No,No,No,No,No,No,No,No,No,No,No,No,No,No,No,No,No,No,No,No,No,No,No,No,No,No,No,No,No,No,No,No,No,No,No,No,No,No,No,No,No,No,No,No,No,No,No,No,No,No,No,No,No,No,No
MBGI588,"Mainboard Gigabyte A520 AORUS ELITE (AMD A520, Socket 1200, ATX, 4 khe RAM DDR4)",No,Yes,No,No,No,No,No,No,No,No,No,No,No,No,No,No,No,No,No,No,No,No,No,No,No,No,No,No,No,No,No,No,No,No,No,No,No,No,No,No,No,No,No,No,No,No,No,No,No,No,No,No,No,No,No,No,No,No,No,No,No,No,No,No,No,No,No,No
MBAS449,Mainboard ASUS Z370 ROG MAXIMUS X HERO,No,No,No,Yes,No,No,No,No,No,No,No,No,Yes,No,No,No,No,Yes,No,No,No,No,No,No,No,No,No,No,No,No,No,Yes,No,No,No,No,No,No,No,No,No,No,Yes,No,No,No,No,No,No,No,No,No,No,No,No,No,No,No,No,No,No,No,No,No,Yes,No,No,No
MBAS463,Mainboard ASUS WS C621E SAGE (Dual CPU Workstations) ,Yes,No,No,Yes,No,No,No,No,No,No,No,No,No,No,No,Yes,No,No,No,No,No,No,No,Yes,No,No,No,No,No,No,No,No,No,Yes,No,No,No,No,No,No,No,No,No,No,No,No,No,No,No,No,No,No,No,Yes,No,No,No,No,No,No,No,No,No,No,No,No,Yes,No
MBGI496,Mainboard Gigabyte B360 Aorus Gaming 3,Yes,No,No,No,Yes,No,No,No,No,No,No,No,No,No,No,No,No,Yes,No,No,No,No,No,No,No,No,No,No,No,No,No,Yes,No,No,No,No,No,No,No,Yes,No,No,No,No,No,No,No,No,No,No,No,No,No,No,No,No,No,No,No,No,No,No,No,No,Yes,No,No,No
MBMS315,Mainboard MSI B360M MORTAR,No,No,No,No,No,No,Yes,No,No,No,No,No,No,No,No,No,No,Yes,No,No,No,No,No,No,No,No,No,No,No,No,Yes,No,No,No,No,No,No,No,No,Yes,No,No,No,No,No,No,No,No,No,No,No,No,No,No,No,No,No,No,No,No,No,No,No,No,Yes,No,No,No
MBGI513,Mainboard Gigabyte X399 Aorus Xtreme,No,Yes,No,No,Yes,No,No,No,No,No,No,No,No,Yes,No,No,No,No,No,No,No,No,No,No,No,Yes,No,No,No,No,No,No,Yes,No,No,No,No,No,No,No,No,No,No,No,No,No,No,No,No,No,No,No,No,No,No,No,No,No,No,No,No,Yes,No,No,No,Yes,No,No
MBAS611,"Mainboard ASUS ROG STIX TRX40-XE GAMING (AMD TRX40, Socket sTRX4, ATX, 8 khe RAM DDR4)",No,Yes,No,No,No,No,No,No,No,No,No,No,No,No,Yes,No,No,No,No,No,No,No,No,No,No,No,No,No,No,No,No,No,Yes,No,No,No,No,No,No,No,No,No,No,No,No,No,No,No,No,No,No,No,No,No,No,No,No,No,No,No,No,No,No,No,No,Yes,No,No
MBMS370,"Mainboard MSI MEG Z490 ACE (Intel Z490, Socket 1200, ATX, 4 khe RAM DDR4)",Yes,No,No,No,No,No,No,No,No,No,No,No,No,Yes,No,No,No,No,Yes,No,No,No,No,No,No,No,No,No,No,No,No,No,No,No,No,No,No,No,No,No,No,No,No,No,No,No,No,No,No,No,No,No,No,No,No,No,No,No,No,No,No,No,No,No,Yes,No,No,No
MBAR255,"Mainboard ASROCK Z490 PHANTOM GAMING 4/ac (Intel Z490, Socket 1200, ATX, 4 khe Ram DDR4)",Yes,No,Yes,No,No,No,No,No,No,No,No,No,No,No,No,No,No,No,Yes,No,No,No,No,No,No,No,No,No,No,No,No,No,No,No,No,No,No,No,No,No,No,No,No,No,Yes,No,No,No,No,No,No,No,No,No,No,No,No,No,No,No,No,No,No,No,No,No,No,No
MBGI571,"Mainboard Gigabyte H410M-H (Intel H410, Socket 1200, m-ATX, 2 khe Ram DDR4)",Yes,No,No,No,Yes,No,No,No,No,No,No,No,No,No,No,No,No,No,No,No,No,No,No,No,No,No,No,No,No,No,No,No,No,No,No,No,No,No,No,No,No,No,No,No,No,No,No,No,No,No,No,No,No,No,No,No,No,No,No,No,No,No,No,No,No,No,No,No
MBMS387,"Mainboard MSI MAG B550M MORTAR WIFI (AMD B550, Socket AM4, m-ATX, 4 khe RAM DDR4)",No,Yes,No,No,No,No,No,No,No,No,No,No,No,No,No,No,No,No,No,No,No,No,No,No,Yes,No,No,No,No,No,No,No,No,No,No,No,No,No,No,No,No,No,No,No,No,No,No,No,No,No,No,No,No,No,No,No,No,No,Yes,No,No,No,No,No,No,No,No,No
MBMS392,Mainboard MSI MPG B550 GAMING PLUS (AMD B550 Socket AM4 ATX 4 khe RAM DDR4),No,Yes,No,No,No,No,No,No,No,No,No,No,No,No,No,No,No,No,No,No,No,No,No,No,No,No,No,No,No,No,No,No,No,No,No,No,No,No,No,No,No,No,No,No,No,No,No,No,No,No,No,No,No,No,No,No,No,No,No,No,No,No,No,No,No,No,No,No
MBGI589,"Mainboard Gigabyte A520I AC (AMD A520, Socket AM4, Mini-ITX, 2 khe RAM DDR4)",No,Yes,No,No,No,No,No,No,No,No,No,No,No,No,No,No,No,No,No,No,No,No,No,No,No,No,No,No,No,No,No,No,No,No,No,No,No,No,No,No,No,No,No,No,No,No,No,No,No,No,No,No,No,No,No,No,No,No,No,No,No,No,No,No,No,No,No,No
MBAS454,Mainboard ASUS ROG STRIX Z370-I GAMING,No,No,No,Yes,No,No,No,No,No,No,No,No,No,No,No,No,No,Yes,No,No,No,No,No,No,No,No,No,No,Yes,No,No,No,No,No,No,No,No,No,No,No,No,No,Yes,No,No,No,No,No,No,No,No,No,No,No,No,No,No,No,No,No,No,No,No,No,No,No,No,No
MBGI539,"Mainboard GIGABYTE X570 AORUS MASTER (AMD X570, Socket AM4, ATX, 4 khe RAM DDR4) ",No,Yes,No,No,Yes,No,No,No,No,No,No,No,No,Yes,No,No,No,No,No,No,No,No,No,No,Yes,No,No,No,No,No,No,No,No,No,No,No,No,No,No,No,No,No,No,No,No,No,No,No,No,No,No,No,No,No,No,No,No,No,No,No,Yes,No,No,No,Yes,No,No,No
MBGI495,Mainboard Gigabyte B360M Aorus Gaming 3,Yes,No,No,No,Yes,No,No,No,No,No,No,No,No,No,No,No,No,Yes,No,No,No,No,No,No,No,No,No,No,No,No,Yes,No,No,No,No,No,No,No,No,Yes,No,No,No,No,No,No,No,No,No,No,No,No,No,No,No,No,No,No,No,No,No,No,No,No,Yes,No,No,No
MBMS290,Mainboard MSI X399 GAMING PRO CARBON AC,No,No,No,No,No,No,Yes,No,No,No,No,No,No,No,Yes,No,No,No,No,No,No,No,No,No,No,Yes,No,No,No,No,No,Yes,No,No,No,No,No,No,No,No,No,No,No,No,No,No,No,No,No,No,No,No,No,No,No,No,No,No,No,No,No,Yes,No,No,No,Yes,No,No
