Code,Name,cpu-bo-vi-xu-ly,mainboard-bo-mach-chu,ram-bo-nho-trong,o-cung-hdd-desktop,o-cung-ssd,odd-o-dia-quang,vga-card-man-hinh,vo-case,nguon-may-tinh,acbel,aerocool,asus,cisco,coolermaster,corsair,fsp,gamemax,gigabyte,hangkhac,jetek,jupistar,kenoo,sama,seasonic,silverstone,superflower,thermaltake,xigmatek,xtech,duoi-2trieu,2trieu-4trieu,4trieu-8trieu,tren-8trieu,duoi-400w,400w-550w,550w-650w,650w-800w,800w-1000w,tren-1000w,80-plus,80-plus-bronze,80-plus-gold,80-plus-platinum,80-plus-titanium,semi-modular-day-roi-tru-24-pin-8-pin,non-modular-day-lien-toan-bo,full-modular-day-roi-toan-bo,1-1,1-1-1,2-1-1,5-6,7-1,1-2,3-4,1-4,5-8,9-12,13-16,1-5-1-1-1,6-10-1-1-1,atx-1,sfx,flex-atx
PWFP006,Nguồn FSP Power Supply HYN Series HYN550ATX  Active PFC (Màu Đen),No,No,No,No,No,No,No,No,Yes,No,No,No,No,No,No,Yes,No,No,No,No,No,No,No,No,No,No,No,No,No,Yes,No,No,No,No,Yes,Yes,No,No,No,No,No,No,No,No,No,No,No,No,No,No,No,No,No,No,No,No,No,No,No,No,No,No,No
PWFP035,Nguồn FSP Power Supply HEXA 85+ Series Model HA450 Active PFC  (80 Plus  Bronze/Direct Cable /Micro ATX/Màu Đen),No,No,No,No,No,No,No,No,Yes,No,No,No,No,No,No,Yes,No,No,No,No,No,No,No,No,No,No,No,No,No,Yes,No,No,No,No,Yes,No,No,No,No,No,Yes,No,No,No,No,Yes,No,Yes,Yes,No,No,No,Yes,Yes,Yes,Yes,No,No,Yes,No,Yes,No,No
PWFP037,Nguồn FSP Power Supply HEXA 85 Series Model HA650 Active PFC (80 Plus  Bronze/Direct Cable/Micro ATX/Màu Đen),No,No,No,No,No,No,No,No,Yes,No,No,No,No,No,No,Yes,No,No,No,No,No,No,No,No,No,No,No,No,No,Yes,No,No,No,No,No,Yes,Yes,No,No,No,Yes,No,No,No,No,Yes,No,Yes,Yes,No,No,No,Yes,Yes,Yes,Yes,No,No,Yes,No,Yes,No,No
PWFP049,Nguồn FSP Power Supply FlexGURU Series Model FSP250-50FGBBI  Active PFC (80 Plus /Flex ATX/Màu Đen),No,No,No,No,No,No,No,No,Yes,No,No,No,No,No,No,Yes,No,No,No,No,No,No,No,No,No,No,No,No,No,Yes,No,No,No,Yes,No,No,No,No,No,No,No,No,No,No,No,No,Yes,Yes,Yes,No,No,No,No,No,Yes,No,No,No,Yes,No,No,No,Yes
PWFP028,Nguồn FSP Power Supply AURUM PT Series PT 1200FM   Active PFC (80 Plus  Platinum/Full Modular/Màu Đen),No,No,No,No,No,No,No,No,Yes,No,No,No,No,No,No,Yes,No,No,No,No,No,No,No,No,No,No,No,No,No,No,No,Yes,No,No,No,No,No,No,Yes,No,No,No,Yes,No,No,No,No,No,No,No,No,No,No,No,No,No,No,No,No,No,No,No,No
PWFP038,Nguồn FSP Power Supply HYDRO PTM Series Model HPT650M Active PFC (92 Plus  Platinum/Full Modular /Micro ATX/Màu Đen),No,No,No,No,No,No,No,No,Yes,No,No,No,No,No,No,Yes,No,No,No,No,No,No,No,No,No,No,No,No,No,No,Yes,No,No,No,No,No,Yes,No,No,No,No,No,Yes,No,No,No,Yes,Yes,Yes,No,No,No,Yes,Yes,Yes,Yes,Yes,No,Yes,No,Yes,No,No
PWFP043,Nguồn FSP Power Supply HYPER M85+ Series Model HA550M Active PFC (80 Plus  Bronze/Direct Cable/Micro ATX/Màu Đen),No,No,No,No,No,No,No,No,Yes,No,No,No,No,No,No,Yes,No,No,No,No,No,No,No,No,No,No,No,No,No,Yes,No,No,No,No,Yes,Yes,No,No,No,No,Yes,No,No,No,Yes,No,No,Yes,Yes,No,No,No,No,Yes,Yes,Yes,No,No,Yes,No,Yes,No,No
PWJU001,Nguồn Jupistar 500W 24P (Màu Trắng),No,No,No,No,No,No,No,No,Yes,No,No,No,No,No,No,No,No,No,No,No,Yes,No,No,No,No,No,No,No,No,Yes,No,No,No,No,Yes,No,No,No,No,No,No,No,No,No,No,Yes,No,Yes,No,No,No,No,No,No,Yes,No,No,No,Yes,No,Yes,No,No
PWFP010,Nguồn FSP Power Supply HYDRO Series Model HD600  Active PFC (80 Plus  Bronze/Màu Đen),No,No,No,No,No,No,No,No,Yes,No,No,No,No,No,No,Yes,No,No,No,No,No,No,No,No,No,No,No,No,No,Yes,No,No,No,No,No,Yes,No,No,No,No,Yes,No,No,No,No,No,No,No,No,No,No,No,No,No,No,No,No,No,No,No,No,No,No
PWCO051,Nguồn Corsair SF Series SF600  600W (80 Plus  Gold Certified High Performance SFX/Màu Đen),No,No,No,No,No,No,No,No,Yes,No,No,No,No,No,Yes,No,No,No,No,No,No,No,No,No,No,No,No,No,No,No,Yes,No,No,No,No,No,No,No,No,No,No,No,No,No,No,No,No,No,No,No,No,No,No,No,No,No,No,No,No,No,No,No,No
PWFP040,Nguồn FSP Power Supply HYDRO-GE Series Model HGE650 Active PFC (80 Plus  Gold/Full Modular/ ATX/Màu Đen),No,No,No,No,No,No,No,No,Yes,No,No,No,No,No,No,Yes,No,No,No,No,No,No,No,No,No,No,No,No,No,No,Yes,No,No,No,No,Yes,Yes,No,No,No,No,Yes,No,No,No,No,Yes,Yes,No,Yes,No,No,No,Yes,No,No,Yes,No,Yes,No,Yes,No,No
PWGM004,Nguồn GAMEMAX VP350 - 350W (Tray/Màu Đen),No,No,No,No,No,No,No,No,Yes,No,No,No,No,No,No,No,Yes,No,No,No,No,No,No,No,No,No,No,No,No,Yes,No,No,No,Yes,No,No,No,No,No,No,No,No,No,No,No,Yes,No,Yes,Yes,No,No,No,No,No,Yes,No,No,No,Yes,No,Yes,No,No
PWFP011,Nguồn FSP Power Supply HYDRO Series Model HD700  Active PFC (80 Plus  Bronze/Màu Đen),No,No,No,No,No,No,No,No,Yes,No,No,No,No,No,No,Yes,No,No,No,No,No,No,No,No,No,No,No,No,No,Yes,No,No,No,No,No,No,Yes,No,No,No,Yes,No,No,No,No,No,No,No,No,No,No,No,No,No,No,No,No,No,No,No,No,No,No
PWFP053,FSP Power Supply HYDRO G PRO Series Model HG2-1000 - Active PFC - 80 Plus Gold - Full Modular,No,No,No,No,No,No,No,No,Yes,No,No,No,No,No,No,Yes,No,No,No,No,No,No,No,No,No,No,No,No,No,No,Yes,No,No,No,No,No,No,Yes,No,No,No,Yes,No,No,No,No,Yes,Yes,No,Yes,No,Yes,No,No,No,No,No,Yes,Yes,No,Yes,No,No
PWFP041,Nguồn FSP Power Supply HYDRO PTM+ Series 1200W Active PFC (80 Plus  Platinum/Full Modular/Màu Đen),No,No,No,No,No,No,No,No,Yes,No,No,No,No,No,No,Yes,No,No,No,No,No,No,No,No,No,No,No,No,No,No,No,No,Yes,No,No,No,No,No,Yes,No,No,No,Yes,No,No,No,Yes,Yes,No,Yes,Yes,Yes,Yes,Yes,Yes,Yes,Yes,No,Yes,No,Yes,No,No
PWFP042,Nguồn FSP Power Supply HYPER K Series HP500 Active PFC (80 Plus  Standard/Màu Đen),No,No,No,No,No,No,No,No,Yes,No,No,No,No,No,No,Yes,No,No,No,No,No,No,No,No,No,No,No,No,No,Yes,No,No,No,No,Yes,No,No,No,No,Yes,No,No,No,No,No,Yes,No,Yes,Yes,No,No,No,Yes,No,Yes,Yes,No,No,Yes,No,Yes,No,No
PWFP046,Nguồn FSP Power Supply AX Series 350ATX  Model AX270-50WPN   Active PFC (Tray/không kèm dây nguồn/có cable PCI-E/Màu Trắng),No,No,No,No,No,No,No,No,Yes,No,No,No,No,No,No,Yes,No,No,No,No,No,No,No,No,No,No,No,No,No,Yes,No,No,No,Yes,No,No,No,No,No,No,No,No,No,No,No,Yes,No,Yes,Yes,No,No,No,Yes,No,Yes,No,No,No,Yes,No,Yes,No,No
PWAE004,Nguồn Aero Cool Lux RGB 550W ( 80 Plus Bronze/Màu Đen/Led RGB),No,No,No,No,No,No,No,No,Yes,No,No,No,No,No,No,No,No,No,No,No,No,No,No,No,No,No,No,No,No,Yes,No,No,No,No,Yes,Yes,No,No,No,No,Yes,No,No,No,No,Yes,No,Yes,Yes,No,No,No,Yes,No,Yes,No,No,No,Yes,No,Yes,No,No
PWCO073,Nguồn Corsair RM Series RM850 - 850W (80 Plus  Gold Certified Full Modular/Màu Đen),No,No,No,No,No,No,No,No,Yes,No,No,No,No,No,Yes,No,No,No,No,No,No,No,No,No,No,No,No,No,No,No,Yes,No,No,No,No,No,No,Yes,No,No,No,Yes,No,No,No,No,Yes,Yes,No,Yes,Yes,No,No,No,No,No,Yes,No,Yes,No,Yes,No,No
PWJE008,Nguồn Jetek M600 600W (Màu Đen/Led RGB ),No,No,No,No,No,No,No,No,Yes,No,No,No,No,No,No,No,No,No,No,Yes,No,No,No,No,No,No,No,No,No,Yes,No,No,No,No,No,Yes,No,No,No,Yes,No,No,No,No,No,Yes,No,Yes,Yes,No,No,No,Yes,No,Yes,No,No,No,Yes,No,Yes,No,No
PWAE005,Nguồn Aero Cool Lux RGB 650W ( 80 Plus Bronze/Màu Đen/Led RGB),No,No,No,No,No,No,No,No,Yes,No,No,No,No,No,No,No,No,No,No,No,No,No,No,No,No,No,No,No,No,Yes,No,No,No,No,No,No,Yes,No,No,No,Yes,No,No,No,No,Yes,No,Yes,Yes,No,No,No,Yes,No,No,Yes,No,No,Yes,No,Yes,No,No
PWGM001,Nguồn GAMEMAX VP450 - 450W (Màu Đen),No,No,No,No,No,No,No,No,Yes,No,No,No,No,No,No,No,Yes,No,No,No,No,No,No,No,No,No,No,No,No,Yes,No,No,No,No,Yes,No,No,No,No,No,No,No,No,No,No,Yes,No,Yes,Yes,No,No,No,Yes,No,Yes,No,No,No,Yes,No,Yes,No,No
PWCO072,Nguồn Corsair RM Series RM750 - 750W (80 Plus  Gold Certified Full Modular/Màu Đen),No,No,No,No,No,No,No,No,Yes,No,No,No,No,No,Yes,No,No,No,No,No,No,No,No,No,No,No,No,No,No,No,Yes,No,No,No,No,No,Yes,No,No,No,No,Yes,No,No,No,No,Yes,Yes,Yes,No,No,No,No,Yes,No,Yes,No,No,Yes,No,Yes,No,No
PWGM002,Nguồn GAMEMAX VP500 - 500W (80 Plus/Màu Đen),No,No,No,No,No,No,No,No,No,No,No,No,No,No,No,No,Yes,No,No,No,No,No,No,No,No,No,No,No,No,Yes,No,No,No,No,Yes,No,No,No,No,Yes,No,No,No,No,No,Yes,No,Yes,Yes,No,No,No,Yes,No,Yes,No,No,No,Yes,No,Yes,No,No
PWAS001,Nguồn Asus ROG Thor 850W Platinum - RGB 850W 80 Plus Platinum Full Modular,No,No,No,No,No,No,No,No,No,No,No,Yes,No,No,No,No,No,No,No,No,No,No,No,No,No,No,No,No,No,No,No,Yes,No,No,No,No,No,Yes,No,No,No,No,Yes,No,No,No,Yes,Yes,No,No,No,No,No,No,No,No,No,No,No,No,Yes,No,No
PWGM003,Nguồn GAMEMAX VP600 - 600W (80 Plus/Màu Đen),No,No,No,No,No,No,No,No,No,No,No,No,No,No,No,No,Yes,No,No,No,No,No,No,No,No,No,No,No,No,Yes,No,No,No,No,No,Yes,No,No,No,Yes,No,No,No,No,No,Yes,No,Yes,Yes,No,No,No,Yes,No,Yes,No,No,No,Yes,No,Yes,No,No
PWAS002,Nguồn Asus ROG Thor 1200W Platinum - RGB 1200W 80 Plus Platinum Full Modular,No,No,No,No,No,No,No,No,No,No,No,Yes,No,No,No,No,No,No,No,No,No,No,No,No,No,No,No,No,No,No,No,No,Yes,No,No,No,No,No,Yes,No,No,No,Yes,No,No,No,No,No,No,No,No,No,No,No,No,No,No,No,No,No,No,No,No
PWAE007,Nguồn Aerocool VX PLUS 350 230V N-PFC 350W ( Màu Đen),No,No,No,No,No,No,No,No,No,No,No,No,No,No,No,No,No,No,No,No,No,No,No,No,No,No,No,No,No,Yes,No,No,No,No,No,No,No,No,No,No,No,No,No,No,No,No,No,No,No,No,No,No,No,No,No,No,No,No,No,No,No,No,No
PWFP050,Nguồn FSP Power Supply HYDRO G PRO Series Model HG2-750  Active PFC (80 Plus Gold/Full Modular/Màu Đen),No,No,No,No,No,No,No,No,No,No,No,No,No,No,No,Yes,No,No,No,No,No,No,No,No,No,No,No,No,No,No,Yes,No,No,No,No,No,Yes,No,No,No,No,Yes,No,No,No,No,Yes,Yes,Yes,Yes,No,No,Yes,Yes,Yes,Yes,No,Yes,Yes,No,Yes,No,No
PWXM019,Nguồn Xigmatek X-POWER II 500 450W (Màu Đen),No,No,No,No,No,No,No,No,No,No,No,No,No,No,No,No,No,No,No,No,No,No,No,No,No,No,No,Yes,No,Yes,No,No,No,No,Yes,No,No,No,No,Yes,No,No,No,No,No,Yes,No,Yes,Yes,No,No,No,Yes,No,Yes,No,No,No,Yes,No,Yes,No,No
PWJE010,Nguồn Jetek P700 700W (Màu Đen/Led RGB ),No,No,No,No,No,No,No,No,No,No,No,No,No,No,No,No,No,No,No,Yes,No,No,No,No,No,No,No,No,No,Yes,No,No,No,No,No,No,Yes,No,No,No,Yes,No,No,No,No,Yes,No,Yes,Yes,No,No,No,No,Yes,No,Yes,No,No,Yes,No,Yes,No,No
PWAE008,Nguồn Aerocool VX PLUS 400 230V N-PFC400W ( Màu Đen),No,No,No,No,No,No,No,No,No,No,No,No,No,No,No,No,No,No,No,No,No,No,No,No,No,No,No,No,No,Yes,No,No,No,No,No,No,No,No,No,No,No,No,No,No,No,No,No,No,No,No,No,No,No,No,No,No,No,No,No,No,No,No,No
PWFP052,FSP Power Supply HYDRO G PRO Series Model HG2-850 - Active PFC - 80 Plus Gold - Full Modular,No,No,No,No,No,No,No,No,Yes,No,No,No,No,No,No,Yes,No,No,No,No,No,No,No,No,No,No,No,No,No,No,Yes,No,No,No,No,No,No,Yes,No,No,No,Yes,No,No,No,No,Yes,Yes,No,Yes,Yes,No,No,No,No,No,No,Yes,Yes,No,Yes,No,No
PWJE009,Nguồn Jetek P500 500W (Màu Đen/Led RGB ),No,No,No,No,No,No,No,No,Yes,No,No,No,No,No,No,No,No,No,No,Yes,No,No,No,No,No,No,No,No,No,Yes,No,No,No,No,Yes,No,No,No,No,No,Yes,No,No,No,No,Yes,No,Yes,Yes,No,No,No,Yes,No,Yes,No,No,No,Yes,No,Yes,No,No
PWJE007,Nguồn Jetek M600 600W (Màu Đen),No,No,No,No,No,No,No,No,Yes,No,No,No,No,No,No,No,No,No,No,Yes,No,No,No,No,No,No,No,No,No,Yes,No,No,No,No,No,Yes,No,No,No,Yes,No,No,No,No,No,Yes,No,Yes,Yes,No,No,No,Yes,No,Yes,No,No,No,Yes,No,Yes,No,No
PWAE009,Nguồn Aerocool VX PLUS 500 230V N-PFC 500W ( Màu Đen),No,No,No,No,No,No,No,No,Yes,No,No,No,No,No,No,No,No,No,No,No,No,No,No,No,No,No,No,No,No,Yes,No,No,No,No,No,No,No,No,No,No,No,No,No,No,No,No,No,No,No,No,No,No,No,No,No,No,No,No,No,No,No,No,No
PWFP003,Nguồn FSP Power Supply AX Series AX400ATX  Active PFC (Màu Đen/Không kèm dây nguồn),No,No,No,No,No,No,No,No,Yes,No,No,No,No,No,No,Yes,No,No,No,No,No,No,No,No,No,No,No,No,No,Yes,No,No,No,No,Yes,No,No,No,No,No,No,No,No,No,No,No,No,No,No,No,No,No,No,No,No,No,No,No,No,No,No,No,No
PWJE005,Nguồn Jetek M500  500W (Màu Đen/Led RGB ),No,No,No,No,No,No,No,No,Yes,No,No,No,No,No,No,No,No,No,No,Yes,No,No,No,No,No,No,No,No,No,Yes,No,No,No,No,Yes,No,No,No,No,Yes,No,No,No,No,No,Yes,No,Yes,Yes,No,No,No,Yes,No,Yes,No,No,No,Yes,No,Yes,No,No
PWFP034,Nguồn FSP Power Supply HYPER K Series HP600  Active PFC (80 Plus  Standard/Màu Đen),No,No,No,No,No,No,No,No,Yes,No,No,No,No,No,No,Yes,No,No,No,No,No,No,No,No,No,No,No,No,No,Yes,No,No,No,No,No,Yes,No,No,No,Yes,No,No,No,No,No,Yes,No,Yes,Yes,No,No,No,Yes,No,Yes,Yes,No,No,Yes,No,Yes,No,No
PWKE001,Nguồn Kenoo ATX550  550w (Màu Trắng),No,No,No,No,No,No,No,No,Yes,No,No,No,No,No,No,No,No,No,No,No,No,Yes,No,No,No,No,No,No,No,Yes,No,No,No,No,No,Yes,No,No,No,No,No,No,No,No,No,Yes,No,Yes,No,No,No,No,No,No,Yes,No,No,No,Yes,No,Yes,No,No
PWFP048,Nguồn FSP HYDRO PTM+ Series 850W - Active PFC - 80 Plus Platinum - Full Modular,No,No,No,No,No,No,No,No,Yes,No,No,No,No,No,No,Yes,No,No,No,No,No,No,No,No,No,No,No,No,No,No,No,Yes,No,No,No,No,No,Yes,No,No,No,No,Yes,No,No,No,Yes,Yes,No,Yes,No,Yes,No,No,No,No,Yes,No,Yes,No,Yes,No,No
PWAC082,Nguồn Acbel iPower G550 550W (80 Plus/Màu Đen),No,No,No,No,No,No,No,No,Yes,Yes,No,No,No,No,No,No,No,No,No,No,No,No,No,No,No,No,No,No,No,Yes,No,No,No,No,Yes,Yes,No,No,No,No,No,No,No,No,No,Yes,No,Yes,Yes,No,No,No,Yes,No,Yes,No,No,No,Yes,No,Yes,No,No
PWCO075,Nguồn Corsair Series CV 450 450W (80 Plus Bronze/Màu Đen),No,No,No,No,No,No,No,No,Yes,No,No,No,No,No,Yes,No,No,No,No,No,No,No,No,No,No,No,No,No,No,No,No,No,No,No,Yes,No,No,No,No,No,Yes,No,No,No,No,No,No,Yes,No,No,No,No,Yes,No,No,Yes,No,No,Yes,No,Yes,No,No
PWSS007,Nguồn SilverStone SFX SST SX650 G 650W (80 Plus  Gold/Full Modular/Màu Đen),No,No,No,No,No,No,No,No,Yes,No,No,No,No,No,No,No,No,No,No,No,No,No,No,No,Yes,No,No,No,No,No,Yes,No,No,No,No,Yes,No,No,No,No,No,Yes,No,No,No,No,Yes,Yes,No,No,No,No,No,Yes,No,Yes,No,No,Yes,No,No,Yes,No
PWAE010,Nguồn Aerocool VX PLUS 600 230V N-PFC 600W ( Màu Đen),No,No,No,No,No,No,No,No,Yes,No,No,No,No,No,No,No,No,No,No,No,No,No,No,No,No,No,No,No,No,No,No,No,No,No,No,Yes,No,No,No,No,No,No,No,No,No,No,No,Yes,Yes,No,No,No,Yes,No,Yes,No,No,No,No,No,Yes,No,No
PWGI013,Nguồn Gigabyte GAGP-PB650 650W  Active PFC (80 Plus  Bronze/Màu Đen),No,No,No,No,No,No,No,No,Yes,No,No,No,No,No,No,No,No,Yes,No,No,No,No,No,No,No,No,No,No,No,No,No,No,No,No,No,No,Yes,No,No,No,Yes,No,No,No,No,No,Yes,Yes,No,No,No,No,No,Yes,No,Yes,No,No,Yes,No,Yes,No,No
PWFP054,FSP Power Supply SFX PRO Series Model FSP450-50SAC Active PFC - 80 Plus Bronze  -  SFX,No,No,No,No,No,No,No,No,Yes,No,No,No,No,No,No,Yes,No,No,No,No,No,No,No,No,No,No,No,No,No,No,No,No,No,No,Yes,No,No,No,No,No,Yes,No,No,No,No,Yes,No,Yes,Yes,No,No,No,Yes,No,Yes,No,No,No,Yes,No,No,Yes,No
PWXT001,Nguồn máy tính XTECH XT- 350W (Màu Đen/Fan Đỏ),No,No,No,No,No,No,No,No,Yes,No,No,No,No,No,No,No,No,No,No,No,No,No,No,No,No,No,No,No,Yes,Yes,No,No,No,Yes,No,No,No,No,No,No,No,No,No,No,No,Yes,No,Yes,Yes,No,No,No,Yes,No,Yes,No,No,No,Yes,No,Yes,No,No
PWCO096,Nguồn Corsair HX1200 1200W (80 Platinum/Màu Đen/Full Modul),No,No,No,No,No,No,No,No,Yes,No,No,No,No,No,Yes,No,No,No,No,No,No,No,No,No,No,No,No,No,No,No,No,Yes,No,No,No,No,No,No,Yes,No,No,No,Yes,No,No,No,Yes,Yes,No,Yes,No,Yes,No,No,No,No,No,No,No,Yes,Yes,No,No
PWCO076,Nguồn Corsair Series CV 550 550W (80 Plus Bronze/Màu Đen),No,No,No,No,No,No,No,No,Yes,No,No,No,No,No,Yes,No,No,No,No,No,No,No,No,No,No,No,No,No,No,No,No,No,No,No,Yes,Yes,No,No,No,No,Yes,No,No,No,No,No,No,Yes,No,No,No,No,Yes,No,No,Yes,No,No,Yes,No,Yes,No,No
PWCM099,Nguồn Cooler Master MWE Gold 650 (80 Plus  Gold Full Modular/Màu Đen),No,No,No,No,No,No,No,No,Yes,No,No,No,No,Yes,No,No,No,No,No,No,No,No,No,No,No,No,No,No,No,Yes,No,No,No,No,No,Yes,Yes,No,No,No,No,Yes,No,No,No,No,Yes,Yes,No,No,No,No,No,Yes,No,Yes,No,No,No,Yes,Yes,No,No
PWCO077,Nguồn Corsair SF750 - 80 PLUS® Platinum 750W SFX ,No,No,No,No,No,No,No,No,Yes,No,No,No,No,No,Yes,No,No,No,No,No,No,No,No,No,No,No,No,No,No,No,Yes,No,No,No,No,No,Yes,No,No,No,No,No,Yes,No,No,No,Yes,Yes,No,Yes,No,No,No,Yes,No,Yes,No,No,Yes,No,No,Yes,No
PWCO097,Nguồn Corsair AX1600i 1600W (80 Plus Titanium/ Full Modular/Màu Đen),No,No,No,No,No,No,No,No,Yes,No,No,No,No,No,Yes,No,No,No,No,No,No,No,No,No,No,No,No,No,No,No,No,No,Yes,No,No,No,No,No,No,No,No,No,No,No,No,No,No,No,No,No,No,No,No,No,No,No,No,No,No,No,No,No,No
PWFP007,Nguồn FSP Power Supply HYPER Series Model HP500 Active PFC (80 Plus  Standard/Màu Đen),No,No,No,No,No,No,No,No,Yes,No,No,No,No,No,No,Yes,No,No,No,No,No,No,No,No,No,No,No,No,No,No,No,No,No,No,Yes,No,No,No,No,No,No,No,No,No,No,No,No,No,No,No,No,No,No,No,No,No,No,No,No,No,No,No,No
PWTH056,Nguồn Thermaltake Toughpower iRGB 850w (80 Plus  Platinum/Màu Đen/Fan RGB),No,No,No,No,No,No,No,No,Yes,No,No,No,No,No,No,No,No,No,No,No,No,No,No,No,No,No,Yes,No,No,No,No,Yes,No,No,No,No,No,Yes,No,No,No,No,Yes,No,No,No,Yes,Yes,No,Yes,Yes,Yes,No,No,No,No,Yes,No,Yes,No,Yes,No,No
PWCO079,Nguồn  Corsair SF600 - 80 PLUS® Platinum 600W SFX ,No,No,No,No,No,No,No,No,Yes,No,No,No,No,No,Yes,No,No,No,No,No,No,No,No,No,No,No,No,No,No,No,Yes,No,No,No,No,No,No,No,No,No,No,No,No,No,No,No,No,No,No,No,No,No,No,No,No,No,No,No,No,No,No,No,No
PWCM137,Nguồn máy tính Cooler Master MWE V2 230V 550 550W Plus Bronze  (80 Plus Bronze/Màu Đen) ,No,No,No,No,No,No,No,No,Yes,No,No,No,No,Yes,No,No,No,No,No,No,No,No,No,No,No,No,No,No,No,No,No,No,No,No,Yes,Yes,No,No,No,No,Yes,No,No,No,No,Yes,No,Yes,Yes,No,No,No,Yes,No,No,Yes,No,No,Yes,No,Yes,No,No
PWCM118,Nguồn Cooler Master MWE Bronze V2 700w (80 Plus  Bronze/Màu Đen),No,No,No,No,No,No,No,No,Yes,No,No,No,No,Yes,No,No,No,No,No,No,No,No,No,No,No,No,No,No,No,Yes,No,No,No,No,No,No,Yes,No,No,No,Yes,No,No,No,No,Yes,No,Yes,No,Yes,No,No,No,Yes,No,Yes,No,No,Yes,No,Yes,No,No
PWCM138,Nguồn máy tính Cooler Master MWE GOLD 750 - V2  750W ( 80 Plus Gold/Màu Đen/Full Modular),No,No,No,No,No,No,No,No,Yes,No,No,No,No,Yes,No,No,No,No,No,No,No,No,No,No,No,No,No,No,No,No,Yes,No,No,No,No,No,Yes,No,No,No,No,Yes,No,No,No,Yes,No,Yes,No,Yes,No,No,No,Yes,No,No,Yes,No,Yes,No,Yes,No,No
PWFP029,Nguồn FSP Power Supply DAGGER Series SDA600 Active PFC (80 Plus  Gold/Full Modular/Micro ATX/Màu Đen),No,No,No,No,No,No,No,No,Yes,No,No,No,No,No,No,Yes,No,No,No,No,No,No,No,No,No,No,No,No,No,No,Yes,No,No,No,No,Yes,No,No,No,No,No,Yes,No,No,No,No,Yes,Yes,Yes,No,No,No,Yes,No,Yes,No,No,No,Yes,No,No,Yes,No
PWFP039,Nguồn FSP Power Supply HYDRO PTM Series HPT750M  Active PFC (92 Plus  Platinum/Full Modular /Micro ATX/Màu Đen),No,No,No,No,No,No,No,No,Yes,No,No,No,No,No,No,Yes,No,No,No,No,No,No,No,No,No,No,No,No,No,No,Yes,No,No,No,No,No,Yes,No,No,No,No,No,Yes,No,No,No,Yes,Yes,No,Yes,Yes,No,Yes,Yes,Yes,Yes,Yes,Yes,Yes,No,Yes,No,No
PWCM119,Nguồn Cooler Master MWE Bronze V2 750w (80 Plus  Bronze/Màu Đen),No,No,No,No,No,No,No,No,Yes,No,No,No,No,Yes,No,No,No,No,No,No,No,No,No,No,No,No,No,No,No,No,No,No,No,No,No,No,Yes,No,No,No,Yes,No,No,No,No,Yes,No,Yes,No,Yes,No,No,No,Yes,No,Yes,No,No,Yes,No,Yes,No,No
PWAE011,Nguồn Aero Cool Lux RGB 750W ( 80 Plus Bronze/Màu Đen/Led RGB) ,No,No,No,No,No,No,No,No,Yes,No,No,No,No,No,No,No,No,No,No,No,No,No,No,No,No,No,No,No,No,No,No,No,No,No,No,No,No,No,No,No,No,No,No,No,No,No,No,No,No,No,No,No,No,No,No,No,No,No,No,No,No,No,No
PWCM139,Nguồn máy tính Cooler Master MWE GOLD 850 - V2  850W ( 80 Plus Gold/Màu Đen/Full Modular),No,No,No,No,No,No,No,No,Yes,No,No,No,No,Yes,No,No,No,No,No,No,No,No,No,No,No,No,No,No,No,No,Yes,No,No,No,No,No,No,Yes,No,No,No,Yes,No,No,No,Yes,No,Yes,No,Yes,No,No,No,Yes,No,No,Yes,No,Yes,No,Yes,No,No
PWCM127,Nguồn máy tính Cooler Master Elite V3 230V PC400 400W Box (Màu Đen),No,No,No,No,No,No,No,No,No,No,No,No,No,Yes,No,No,No,No,No,No,No,No,No,No,No,No,No,No,No,No,No,No,No,No,No,No,No,No,No,No,No,No,No,No,No,No,No,No,No,No,No,No,No,No,No,No,No,No,No,No,No,No,No
HATL858,FSP Power Supply AURUM PT Series PT-1000FM - Active PFC - 80 Plus Platinum - Full Modular (HÀNG THANH LÝ),No,No,No,No,No,No,No,No,No,No,No,No,No,No,No,Yes,No,No,No,No,No,No,No,No,No,No,No,No,No,No,Yes,No,No,No,No,No,No,Yes,No,No,No,No,Yes,No,No,No,Yes,Yes,No,Yes,No,Yes,No,No,No,No,No,Yes,No,Yes,Yes,No,No
PWJE061,Nguồn máy tính Jetek SWAT 750 750W (80 Plus Bronze / Màu đen),No,No,No,No,No,No,No,No,No,No,No,No,No,No,No,No,No,No,No,Yes,No,No,No,No,No,No,No,No,No,No,No,No,No,No,No,No,Yes,No,No,No,Yes,No,No,No,No,Yes,No,Yes,No,Yes,No,No,No,Yes,No,Yes,No,No,Yes,No,Yes,No,No
PWCM128,Nguồn máy tính Cooler Master Elite V3 230V PC500 500W  (Màu Đen),No,No,No,No,No,No,No,No,Yes,No,No,No,No,Yes,No,No,No,No,No,No,No,No,No,No,No,No,No,No,No,No,No,No,No,No,No,No,No,No,No,No,No,No,No,No,No,No,No,No,No,No,No,No,No,No,No,No,No,No,No,No,No,No,No
HATL859,FSP Power Supply HEXA 85+ Series Model HA550 Active PFC - Plus Bronze (HÀNG THANH LÝ),No,No,No,No,No,No,No,No,Yes,No,No,No,No,No,No,Yes,No,No,No,No,No,No,No,No,No,No,No,No,No,No,No,No,No,No,Yes,Yes,No,No,No,No,Yes,No,No,No,No,No,No,Yes,Yes,No,No,No,Yes,Yes,Yes,Yes,No,No,Yes,No,Yes,No,No
PWCM141,Nguồn máy tính Cooler Master MWE V2 230V 500 500W Plus Bronze  (80 Plus Bronze/Màu Đen)  ,No,No,No,No,No,No,No,No,Yes,No,No,No,No,Yes,No,No,No,No,No,No,No,No,No,No,No,No,No,No,No,No,No,No,No,No,Yes,No,No,No,No,No,Yes,No,No,No,No,Yes,No,Yes,Yes,No,No,No,Yes,No,No,Yes,No,No,Yes,No,Yes,No,No
PWFP013,"Nguồn FSP Power Supply HYDRO G Series Model HG750 Active PFC (80 Plus  Gold, Full Modular/Màu Đen",No,No,No,No,No,No,No,No,Yes,No,No,No,No,No,No,Yes,No,No,No,No,No,No,No,No,No,No,No,No,No,No,Yes,No,No,No,No,No,Yes,No,No,No,No,Yes,No,No,No,No,No,No,No,No,No,No,No,No,No,No,No,No,No,No,No,No,No
PWAS003,Nguồn Asus ROG Strix 650W Gold - 650W 80 Plus Gold Full Modular,No,No,No,No,No,No,No,No,Yes,No,No,Yes,No,No,No,No,No,No,No,No,No,No,No,No,No,No,No,No,No,No,Yes,No,No,No,No,No,Yes,No,No,No,No,Yes,No,No,No,No,Yes,Yes,No,Yes,No,No,No,Yes,No,Yes,No,No,Yes,No,Yes,No,No
PWCM130,Nguồn máy tính Cooler Master Elite V3 230V PC700 700W  (Màu Đen),No,No,No,No,No,No,No,No,Yes,No,No,No,No,Yes,No,No,No,No,No,No,No,No,No,No,No,No,No,No,No,No,No,No,No,No,No,No,Yes,No,No,No,No,No,No,No,No,No,No,Yes,No,No,No,No,Yes,No,No,Yes,No,No,Yes,No,Yes,No,No
RTCI050,"Nguồn Cisco Power Adapter, (AC/DC) - Indoor AP700W_AIR-PWR-C= (cắm dc cho 1832I-S-K9)",No,No,No,No,No,No,No,No,Yes,No,No,No,Yes,No,No,No,No,No,No,No,No,No,No,No,No,No,No,No,No,No,No,No,No,No,No,No,No,No,No,No,No,No,No,No,No,No,No,No,No,No,No,No,No,No,No,No,No,No,No,No,No,No,No
PWCM140,Nguồn máy tính Cooler Master MWE V2 230V 400 400W Plus Bronze  (80 Plus Bronze/Màu Đen)  ,No,No,No,No,No,No,No,No,Yes,No,No,No,No,Yes,No,No,No,No,No,No,No,No,No,No,No,No,No,No,No,No,No,No,No,No,Yes,No,No,No,No,No,Yes,No,No,No,No,Yes,No,Yes,Yes,No,No,No,Yes,No,No,Yes,No,No,Yes,No,Yes,No,No
PWAS004,Nguồn Asus ROG Strix 750W Gold - 750W 80 Plus Gold Full Modular,No,No,No,No,No,No,No,No,Yes,No,No,Yes,No,No,No,No,No,No,No,No,No,No,No,No,No,No,No,No,No,No,Yes,No,No,No,No,No,Yes,No,No,No,No,Yes,No,No,No,No,Yes,Yes,No,Yes,No,No,No,Yes,No,Yes,No,No,Yes,No,Yes,No,No
RTCI051,"Nguồn Cisco Power Injector (802.3af) for AP 1600, 2600 and 3600 w/o mod_AIR-PWRINJ5= (Dùng cho cả 1815I và 1832)",No,No,No,No,No,No,No,No,Yes,No,No,No,Yes,No,No,No,No,No,No,No,No,No,No,No,No,No,No,No,No,No,No,No,No,No,No,No,No,No,No,No,No,No,No,No,No,No,No,No,No,No,No,No,No,No,No,No,No,No,No,No,No,No,No
PWFP057,Nguồn FSP  HYDRO PRO Series HP2-700  PPA7004304 (80 Plus Bronze/Màu Đen),No,No,No,No,No,No,No,No,Yes,No,No,No,No,No,No,Yes,No,No,No,No,No,No,No,No,No,No,No,No,No,No,No,No,No,No,No,No,Yes,No,No,No,Yes,No,No,No,No,Yes,No,Yes,No,Yes,No,No,No,Yes,No,Yes,No,No,Yes,No,Yes,No,No
PWCM126,Nguồn máy tính Cooler Master Elite V3 230V PC400 400W Bulk (Màu Bạc),No,No,No,No,No,No,No,No,Yes,No,No,No,No,Yes,No,No,No,No,No,No,No,No,No,No,No,No,No,No,No,No,No,No,No,No,Yes,No,No,No,No,No,No,No,No,No,No,No,No,No,No,No,No,No,No,No,Yes,No,No,No,No,No,No,No,No
PWSF013,Nguồn Super Flower Leadex Titanium SF-1600F14HT 1600W (Màu Đen),No,No,No,No,No,No,No,No,Yes,No,No,No,No,No,No,No,No,No,No,No,No,No,No,No,No,Yes,No,No,No,No,No,No,Yes,No,No,No,No,No,Yes,No,No,No,No,No,No,No,No,No,No,No,No,No,No,No,No,No,No,No,No,No,No,No,No
PWCO089,Nguồn Corsair CX750F 750W RGB White (80 Plus Bronze/Màu Trắng/Led RGB/Full Modul),No,No,No,No,No,No,No,No,Yes,No,No,No,No,No,Yes,No,No,No,No,No,No,No,No,No,No,No,No,No,No,No,Yes,No,No,No,No,No,Yes,No,No,Yes,No,No,No,No,No,No,Yes,No,No,Yes,No,No,No,Yes,No,Yes,No,No,Yes,No,Yes,No,No
PWSF018,Nguồn Super Flower Leadex Platinum SF-1600F14HP 1600W (Màu Đen),No,No,No,No,No,No,No,No,Yes,No,No,No,No,No,No,No,No,No,No,No,No,No,No,No,No,Yes,No,No,No,No,No,No,Yes,No,No,No,No,No,Yes,No,No,No,Yes,No,No,No,No,No,No,No,No,Yes,No,No,No,No,No,Yes,Yes,No,No,No,No
PWCO090,Nguồn Corsair RM750x 750W (80 Plus Gold/ Màu Đen/Full Modul),No,No,No,No,No,No,No,No,Yes,No,No,No,No,No,Yes,No,No,No,No,No,No,No,No,No,No,No,No,No,No,No,Yes,No,No,No,No,No,Yes,No,No,No,No,Yes,No,No,No,No,Yes,No,No,Yes,No,No,No,Yes,No,No,Yes,No,No,Yes,Yes,No,No
PWCO058,Nguồn Corsair RM Series RM1000x 1000W  (80 Plus  Gold Modular/Màu Đen),No,No,No,No,No,No,No,No,Yes,No,No,No,No,No,No,No,No,No,No,No,No,No,No,No,No,No,No,No,No,No,No,Yes,No,No,No,No,No,No,Yes,No,No,No,No,No,No,No,No,No,No,No,No,No,No,No,No,No,No,No,No,No,No,No,No
PWSF019,Nguồn Super Flower Leadex Platinum SF-2000F14HP 2000W (Màu Đen),No,No,No,No,No,No,No,No,Yes,No,No,No,No,No,No,No,No,No,No,No,No,No,No,No,No,Yes,No,No,No,No,No,No,Yes,No,No,No,No,No,Yes,No,No,No,Yes,No,No,No,No,No,No,No,No,Yes,No,No,No,No,No,No,Yes,No,Yes,No,No
PWCO091,Nguồn Corsair RM850x 850W (80 Plus Gold/ Màu Đen/Full Modul),No,No,No,No,No,No,No,No,Yes,No,No,No,No,No,Yes,No,No,No,No,No,No,No,No,No,No,No,No,No,No,No,Yes,No,No,No,No,No,No,Yes,No,No,No,Yes,No,No,No,No,Yes,No,No,Yes,Yes,No,No,No,No,No,Yes,No,No,Yes,Yes,No,No
PWFP020,Nguồn FSP Power Supply HYDRO X Series HGX450 Active PFC (80 Plus  Gold/Màu Đen),No,No,No,No,No,No,No,No,Yes,No,No,No,No,No,No,Yes,No,No,No,No,No,No,No,No,No,No,No,No,No,No,No,No,No,No,Yes,No,No,No,No,No,No,No,No,No,No,No,No,No,No,No,No,No,No,No,No,No,No,No,No,No,No,No,No
PWSE046,Nguồn Seasonic Prime 1000GD 1000W (80 Plus  Gold/Màu Đen),No,No,No,No,No,No,No,No,No,No,No,No,No,No,No,No,No,No,No,No,No,No,No,Yes,No,No,No,No,No,No,No,Yes,No,No,No,No,No,Yes,No,No,No,No,No,No,No,No,No,No,No,No,No,No,No,No,No,No,No,No,No,No,No,No,No
PWCO092,Nguồn Corsair RM750x 750W (80 Plus Gold/ Màu Trắng/Full Modul),No,No,No,No,No,No,No,No,No,No,No,No,No,No,Yes,No,No,No,No,No,No,No,No,No,No,No,No,No,No,No,Yes,No,No,No,No,No,Yes,No,No,No,No,Yes,No,No,No,No,Yes,No,No,Yes,No,No,No,Yes,No,No,Yes,No,No,Yes,Yes,No,No
PWFP022,Nguồn FSP Power Supply HYDRO X Series HGX650 Active PFC (80 Plus  Gold/Màu Đen),No,No,No,No,No,No,No,No,No,No,No,No,No,No,No,No,No,No,No,No,No,No,No,No,No,No,No,No,No,No,Yes,No,No,No,No,Yes,No,No,No,No,No,No,No,No,No,No,No,No,No,No,No,No,No,No,No,No,No,No,No,No,No,No,No
PWGI008,Nguồn Gigabyte B700H 700W Active PFC (80 Plus  Bronze/Semi Modular/ATX/Màu Đen),No,No,No,No,No,No,No,No,No,No,No,No,No,No,No,No,No,Yes,No,No,No,No,No,No,No,No,No,No,No,No,No,No,No,No,No,No,No,No,No,No,No,No,No,No,No,No,No,No,No,No,No,No,No,No,No,No,No,No,No,No,No,No,No
PWJE062,Nguồn máy tính Jetek J450 450W ( Màu đen),No,No,No,No,No,No,No,No,No,No,No,No,No,No,No,No,No,No,No,Yes,No,No,No,No,No,No,No,No,No,No,No,No,No,No,Yes,No,No,No,No,No,No,No,No,No,No,No,No,No,No,No,No,No,No,No,Yes,No,No,No,No,No,No,No,No
PWCO093,Nguồn Corsair RM850x 850W (80 Plus Gold/ Màu Trắng/Full Modul),No,No,No,No,No,No,No,No,No,No,No,No,No,No,Yes,No,No,No,No,No,No,No,No,No,No,No,No,No,No,No,Yes,No,No,No,No,No,No,Yes,No,No,No,Yes,No,No,No,No,Yes,No,No,Yes,Yes,No,No,No,No,No,Yes,No,No,Yes,Yes,No,No
PWGI012,Nguồn Gigabyte G750H 750W (80Plus  Gold/Semi Modular/Màu Đen),No,No,No,No,No,No,No,No,No,No,No,No,No,No,No,No,No,Yes,No,No,No,No,No,No,No,No,No,No,No,No,Yes,No,No,No,No,No,Yes,No,No,No,No,No,No,No,No,No,No,No,No,No,No,No,No,No,No,No,No,No,No,No,No,No,No
PWJE063,Nguồn máy tính Jetek J550 550W ( Màu đen),No,No,No,No,No,No,No,No,No,No,No,No,No,No,No,No,No,No,No,Yes,No,No,No,No,No,No,No,No,No,No,No,No,No,No,No,Yes,No,No,No,No,No,No,No,No,No,No,No,No,No,No,No,No,No,No,Yes,No,No,No,No,No,No,No,No
PWCO094,Nguồn Corsair HX850 850W (80 Platinum/Màu Đen/Full Modul),No,No,No,No,No,No,No,No,No,No,No,No,No,No,Yes,No,No,No,No,No,No,No,No,No,No,No,No,No,No,No,No,Yes,No,No,No,No,No,Yes,No,No,No,No,Yes,No,No,No,Yes,No,No,Yes,Yes,No,No,No,No,No,No,Yes,No,Yes,Yes,No,No
